"","date","FTSE100","FTSE100LOG"
"1",2012-01-03,5699.91,NA
"2",2012-01-04,5668.45,-0.0055346734812165
"3",2012-01-05,5624.26,-0.00782632788021154
"4",2012-01-06,5649.7,0.00451306252276495
"5",2012-01-09,5612.26,-0.00664895594208836
"6",2012-01-10,5696.7,0.0149335693559287
"7",2012-01-11,5670.82,-0.00455333172297578
"8",2012-01-12,5662.42,-0.00148236542033686
"9",2012-01-13,5636.64,-0.00456321937128656
"10",2012-01-16,5657.44,0.00368334977549978
"11",2012-01-17,5693.95,0.00643271456588224
"12",2012-01-18,5702.37,0.00147767025357304
"13",2012-01-19,5741.15,0.00677766079876463
"14",2012-01-20,5728.55,-0.00219709409462965
"15",2012-01-23,5782.56,0.00938404660268155
"16",2012-01-24,5751.9,-0.00531625619419707
"17",2012-01-25,5723,-0.00503709158335397
"18",2012-01-26,5795.2,0.0125368452799925
"19",2012-01-27,5733.45,-0.0107125449254841
"20",2012-01-30,5671.09,-0.0109361046586205
"21",2012-01-31,5681.61,0.00185330414987206
"22",2012-02-01,5790.72,0.0190219929126751
"23",2012-02-02,5796.07,0.000923465494791387
"24",2012-02-03,5901.07,0.0179535887206868
"25",2012-02-06,5892.2,-0.00150424804529337
"26",2012-02-07,5890.26,-0.00032930305174439
"27",2012-02-08,5875.93,-0.00243579392906312
"28",2012-02-09,5895.47,0.00331991401994891
"29",2012-02-10,5852.39,-0.00733413457501975
"30",2012-02-13,5905.7,0.00906786141099403
"31",2012-02-14,5899.87,-0.000987669460080554
"32",2012-02-15,5892.16,-0.00130766307390218
"33",2012-02-16,5885.38,-0.00115134412601492
"34",2012-02-17,5905.07,0.00333999436907106
"35",2012-02-20,5945.25,0.00678127746346391
"36",2012-02-21,5928.2,-0.00287195578693833
"37",2012-02-22,5916.55,-0.00196711686725237
"38",2012-02-23,5937.89,0.00360034266512521
"39",2012-02-24,5935.13,-0.000464919632866767
"40",2012-02-27,5915.55,-0.00330445473455576
"41",2012-02-28,5927.91,0.00208722864555178
"42",2012-02-29,5871.51,-0.00955986472845538
"43",2012-03-01,5931.25,0.0101231424122545
"44",2012-03-02,5911.13,-0.00339796888110477
"45",2012-03-05,5874.82,-0.00616159323200804
"46",2012-03-06,5765.8,-0.018731508739231
"47",2012-03-07,5791.41,0.00443187273021906
"48",2012-03-08,5859.73,0.0117277421881319
"49",2012-03-09,5887.49,0.00472623338518652
"50",2012-03-12,5892.75,0.000893020914610076
"51",2012-03-13,5955.91,0.0106612221530629
"52",2012-03-14,5945.43,-0.00176114667907257
"53",2012-03-15,5940.72,-0.000792519065724306
"54",2012-03-16,5965.58,0.00417594653701059
"55",2012-03-19,5961.11,-0.000749579339998974
"56",2012-03-20,5891.41,-0.0117613475380445
"57",2012-03-21,5891.95,9.16546724152312e-05
"58",2012-03-22,5845.65,-0.00788921758135785
"59",2012-03-23,5854.89,0.00157941461177202
"60",2012-03-26,5902.7,0.00813266383899602
"61",2012-03-27,5869.55,-0.00563190343763686
"62",2012-03-28,5808.99,-0.010371252371101
"63",2012-03-29,5742.03,-0.0115939111966039
"64",2012-03-30,5768.45,0.00459060723743754
"65",2012-04-02,5874.89,0.0182839228676244
"66",2012-04-03,5838.34,-0.00624082659160408
"67",2012-04-04,5703.77,-0.023319150140706
"68",2012-04-05,5723.67,0.00348284832227819
"69",2012-04-10,5595.55,-0.0226385690526865
"70",2012-04-11,5634.74,0.00697936724407455
"71",2012-04-12,5710.46,0.0133485746113795
"72",2012-04-13,5651.79,-0.0103272717007847
"73",2012-04-16,5666.28,0.00256050862322077
"74",2012-04-17,5766.95,0.0176105268107616
"75",2012-04-18,5745.29,-0.00376295587279252
"76",2012-04-19,5744.55,-0.000128809452702328
"77",2012-04-20,5772.15,0.00479304884882126
"78",2012-04-23,5665.57,-0.0186371208528335
"79",2012-04-24,5709.49,0.00772219544406916
"80",2012-04-25,5718.89,0.00164502792518206
"81",2012-04-26,5748.72,0.005202490716254
"82",2012-04-27,5777.11,0.00492633630998895
"83",2012-04-30,5737.78,-0.00683118170378627
"84",2012-05-01,5812.23,0.0128919422828453
"85",2012-05-02,5758.11,-0.00935502235864938
"86",2012-05-03,5766.55,0.00146468555408497
"87",2012-05-04,5655.06,-0.0195232618257251
"88",2012-05-08,5554.55,-0.0179333078819237
"89",2012-05-09,5530.05,-0.00442055462475999
"90",2012-05-10,5543.95,0.00251038600322495
"91",2012-05-11,5575.52,0.00567834345116225
"92",2012-05-14,5465.52,-0.0199263184764806
"93",2012-05-15,5437.62,-0.00511780292579189
"94",2012-05-16,5405.25,-0.00597076164627985
"95",2012-05-17,5338.38,-0.0124484673311631
"96",2012-05-18,5267.62,-0.0133435885171362
"97",2012-05-21,5304.48,0.00697309888422026
"98",2012-05-22,5403.28,0.0184544300539784
"99",2012-05-23,5266.41,-0.0256572605803758
"100",2012-05-24,5350.05,0.0157569906585895
"101",2012-05-25,5351.53,0.000276594672829589
"102",2012-05-28,5356.34,0.000898404691787036
"103",2012-05-29,5391.14,0.00647595931702405
"104",2012-05-30,5297.28,-0.0175633840654381
"105",2012-05-31,5320.86,0.00444146314942984
"106",2012-06-01,5260.19,-0.0114677966540189
"107",2012-06-06,5384.11,0.0232848752698569
"108",2012-06-07,5447.79,0.0117579988086707
"109",2012-06-08,5435.08,-0.002335781972711
"110",2012-06-11,5432.37,-0.00049873706456971
"111",2012-06-12,5473.74,0.00758660941918521
"112",2012-06-13,5483.81,0.00183800262557199
"113",2012-06-14,5467.05,-0.00306094920142108
"114",2012-06-15,5478.81,0.00214875843923146
"115",2012-06-18,5491.09,0.00223885452546035
"116",2012-06-19,5586.31,0.0171921832461841
"117",2012-06-20,5622.29,0.00642009235479435
"118",2012-06-21,5566.36,-0.0099977148037631
"119",2012-06-22,5513.69,-0.00950724892513044
"120",2012-06-25,5450.65,-0.0114992228730415
"121",2012-06-26,5446.96,-0.000677212735824995
"122",2012-06-27,5523.92,0.0140300983002
"123",2012-06-28,5493.06,-0.00560227588921514
"124",2012-06-29,5571.15,0.0141160185305633
"125",2012-07-02,5640.64,0.0123960384251607
"126",2012-07-03,5687.73,0.00831368877039829
"127",2012-07-04,5684.47,-0.000573327955768477
"128",2012-07-05,5692.63,0.00143446069722941
"129",2012-07-06,5662.63,-0.00528390715829552
"130",2012-07-09,5627.33,-0.00625336405665067
"131",2012-07-10,5664.07,0.00650763052574632
"132",2012-07-11,5664.48,7.23834912985666e-05
"133",2012-07-12,5608.25,-0.00997637065213297
"134",2012-07-13,5666.13,0.0102676171095908
"135",2012-07-16,5662.43,-0.000653216319031813
"136",2012-07-17,5629.09,-0.00590533371745572
"137",2012-07-18,5685.77,0.0100187671976624
"138",2012-07-19,5714.19,0.0049859927362963
"139",2012-07-20,5651.77,-0.0109837844838658
"140",2012-07-23,5533.87,-0.0210813804913066
"141",2012-07-24,5499.23,-0.00627930750565575
"142",2012-07-25,5498.32,-0.00016549140528177
"143",2012-07-26,5573.16,0.0135196269941176
"144",2012-07-27,5627.21,0.00965154179239569
"145",2012-07-30,5693.63,0.0117342462443482
"146",2012-07-31,5635.28,-0.010301170364837
"147",2012-08-01,5712.82,0.0136659364586187
"148",2012-08-02,5662.3,-0.00888260205978852
"149",2012-08-03,5787.28,0.021832235633795
"150",2012-08-06,5808.77,0.0037064387618031
"151",2012-08-07,5841.24,0.00557425857601501
"152",2012-08-08,5845.92,0.000800878956075834
"153",2012-08-09,5851.51,0.000955765569964129
"154",2012-08-10,5847.11,-0.000752225511638116
"155",2012-08-13,5831.88,-0.00260810372012088
"156",2012-08-14,5864.78,0.0056255523824813
"157",2012-08-15,5833.04,-0.00542666546275505
"158",2012-08-16,5834.51,0.000251980922778117
"159",2012-08-17,5852.42,0.00306496471195672
"160",2012-08-20,5824.37,-0.00480441182123315
"161",2012-08-21,5857.52,0.00567546672372821
"162",2012-08-22,5774.2,-0.0143265871465132
"163",2012-08-23,5776.6,0.000415555638490162
"164",2012-08-24,5776.6,0
"165",2012-08-28,5775.71,-0.000154081738070744
"166",2012-08-29,5743.53,-0.00558718868825991
"167",2012-08-30,5719.45,-0.00420135696310453
"168",2012-08-31,5711.48,-0.00139446244382491
"169",2012-09-03,5758.41,0.00818321045596804
"170",2012-09-04,5672.01,-0.0151178426598015
"171",2012-09-05,5657.86,-0.00249782342727123
"172",2012-09-06,5777.34,0.0208976402962602
"173",2012-09-07,5794.8,0.00301759454155359
"174",2012-09-10,5793.2,-0.000276147740795096
"175",2012-09-11,5792.19,-0.000174357531781411
"176",2012-09-12,5782.08,-0.00174697887145392
"177",2012-09-13,5819.92,0.00652303640307572
"178",2012-09-14,5915.55,0.0162979611023442
"179",2012-09-17,5893.52,-0.00373103479883419
"180",2012-09-18,5868.16,-0.00431231580857094
"181",2012-09-19,5888.48,0.00345677340364503
"182",2012-09-20,5854.64,-0.00576339059312403
"183",2012-09-21,5852.62,-0.000345085019047175
"184",2012-09-24,5838.84,-0.00235727725724644
"185",2012-09-25,5859.71,0.00356796733616704
"186",2012-09-26,5768.09,-0.0157591111201114
"187",2012-09-27,5779.42,0.0019623284388981
"188",2012-09-28,5742.07,-0.00648355912970189
"189",2012-10-01,5820.45,0.0135578058431456
"190",2012-10-02,5809.45,-0.00189167633087628
"191",2012-10-03,5825.81,0.00281214356730253
"192",2012-10-04,5827.78,0.000338093243156479
"193",2012-10-05,5871.02,0.00739224482938461
"194",2012-10-08,5841.74,-0.00499968598217926
"195",2012-10-09,5810.25,-0.00540509847077253
"196",2012-10-10,5776.71,-0.00578928272413037
"197",2012-10-11,5829.75,0.00913980132244774
"198",2012-10-12,5793.32,-0.00626858812578668
"199",2012-10-15,5805.61,0.002119161784643
"200",2012-10-16,5870.54,0.0111219313394226
"201",2012-10-17,5910.91,0.00685317308162681
"202",2012-10-18,5917.05,0.00103821801080173
"203",2012-10-19,5896.15,-0.00353841834665758
"204",2012-10-22,5882.91,-0.00224805809223838
"205",2012-10-23,5797.91,-0.0145540296631239
"206",2012-10-24,5804.78,0.00118420828322385
"207",2012-10-25,5805.05,4.65123089750108e-05
"208",2012-10-26,5806.71,0.000285917037780692
"209",2012-10-29,5795.1,-0.00200141251674957
"210",2012-10-30,5849.9,0.00941183418234637
"211",2012-10-31,5782.7,-0.0115538654389304
"212",2012-11-01,5861.92,0.0136064933345619
"213",2012-11-02,5868.55,0.00113038961030121
"214",2012-11-05,5839.06,-0.00503775960574693
"215",2012-11-06,5884.9,0.00781992323367575
"216",2012-11-07,5791.63,-0.015975976386974
"217",2012-11-08,5776.05,-0.00269371376469962
"218",2012-11-09,5769.68,-0.00110343835276439
"219",2012-11-12,5767.27,-0.000417788069647429
"220",2012-11-13,5786.25,0.00328558172300042
"221",2012-11-14,5722.01,-0.0111642710962663
"222",2012-11-15,5677.75,-0.00776511477351072
"223",2012-11-16,5605.59,-0.0127907133513254
"224",2012-11-19,5737.66,0.0232871475658367
"225",2012-11-20,5748.1,0.00181790371297197
"226",2012-11-21,5752.03,0.00068347056128637
"227",2012-11-22,5791.03,0.00675733270032453
"228",2012-11-23,5819.14,0.00484231581914329
"229",2012-11-26,5786.72,-0.00558684739031889
"230",2012-11-27,5799.71,0.00224227919084719
"231",2012-11-28,5803.28,0.000615358646806285
"232",2012-11-29,5870.3,0.0114824649103156
"233",2012-11-30,5866.82,-0.00059299046136907
"234",2012-12-03,5871.24,0.000753105744715654
"235",2012-12-04,5869.04,-0.000374778118708008
"236",2012-12-05,5892.08,0.00391799921663427
"237",2012-12-06,5901.42,0.00158392367875493
"238",2012-12-07,5914.4,0.00219705534127179
"239",2012-12-10,5921.63,0.00122169357449309
"240",2012-12-11,5924.97,0.000563874881992277
"241",2012-12-12,5945.85,0.00351787349707067
"242",2012-12-13,5929.61,-0.00273505365242954
"243",2012-12-14,5921.76,-0.00132474155275197
"244",2012-12-17,5912.15,-0.0016241465606015
"245",2012-12-18,5935.9,0.00400910391346621
"246",2012-12-19,5961.59,0.0043185646596946
"247",2012-12-20,5958.34,-0.000545305229231019
"248",2012-12-21,5939.99,-0.00308446892100278
"249",2012-12-24,5954.18,0.00238604404211706
"250",2012-12-27,5954.3,2.01537055968259e-05
"251",2012-12-28,5925.37,-0.004870515290337
"252",2012-12-31,5897.81,-0.00466203676457333
"253",2013-01-02,6027.37,0.021729667462159
"254",2013-01-03,6047.34,0.0033077429119075
"255",2013-01-04,6089.84,0.00700330286035644
"256",2013-01-07,6064.58,-0.0041565185944421
"257",2013-01-08,6053.63,-0.00180719808951935
"258",2013-01-09,6098.65,0.00740934309613905
"259",2013-01-10,6101.51,0.000468846318801397
"260",2013-01-11,6121.58,0.00328395160909345
"261",2013-01-14,6107.86,-0.00224376680471039
"262",2013-01-15,6117.31,0.00154599107942133
"263",2013-01-16,6103.98,-0.0021814399766491
"264",2013-01-17,6132.36,0.00463865026435606
"265",2013-01-18,6154.41,0.00358923031386205
"266",2013-01-21,6180.98,0.00430793693449516
"267",2013-01-22,6179.17,-0.000292876706664558
"268",2013-01-23,6197.64,0.00298461618313439
"269",2013-01-24,6264.91,0.0107956482961047
"270",2013-01-25,6284.45,0.00311410554657954
"271",2013-01-28,6294.41,0.00158360965643745
"272",2013-01-29,6339.19,0.00708906210961402
"273",2013-01-30,6323.11,-0.00253982430426447
"274",2013-01-31,6276.88,-0.00733813399059002
"275",2013-02-01,6347.24,0.0111470310096227
"276",2013-02-04,6246.84,-0.0159443368599685
"277",2013-02-05,6282.76,0.00573363848879538
"278",2013-02-06,6295.34,0.00200030277937202
"279",2013-02-07,6228.42,-0.0106869880801685
"280",2013-02-08,6263.93,0.00568509458045874
"281",2013-02-11,6277.06,0.00209393433810945
"282",2013-02-12,6338.38,0.00972149729737737
"283",2013-02-13,6359.11,0.00326521515952649
"284",2013-02-14,6327.36,-0.00500534290267574
"285",2013-02-15,6328.26,0.000142229302321439
"286",2013-02-18,6318.19,-0.00159254211708237
"287",2013-02-19,6379.07,0.00958954397086309
"288",2013-02-20,6395.37,0.00255197235201443
"289",2013-02-21,6291.54,-0.0163684172444558
"290",2013-02-22,6335.7,0.00699443109231268
"291",2013-02-25,6355.37,0.00309981991283159
"292",2013-02-26,6270.44,-0.0134535971978877
"293",2013-02-27,6325.88,0.00880262774938068
"294",2013-02-28,6360.81,0.00550657236256846
"295",2013-03-01,6378.6,0.00279290980728319
"296",2013-03-04,6345.63,-0.00518225052298682
"297",2013-03-05,6431.95,0.0135113711971204
"298",2013-03-06,6427.64,-0.000670316885901912
"299",2013-03-07,6439.16,0.00179065549758839
"300",2013-03-08,6483.58,0.0068747301188008
"301",2013-03-11,6503.63,0.0030876556133439
"302",2013-03-12,6510.62,0.00107420722241436
"303",2013-03-13,6481.5,-0.00448272472289446
"304",2013-03-14,6529.41,0.00736462192785048
"305",2013-03-15,6489.65,-0.00610798684576608
"306",2013-03-18,6457.92,-0.00490131561683249
"307",2013-03-19,6441.32,-0.00257379646611611
"308",2013-03-20,6432.7,-0.00133913125630691
"309",2013-03-21,6388.55,-0.00688703121882028
"310",2013-03-22,6392.76,0.000658774437400922
"311",2013-03-25,6378.38,-0.00225195340073014
"312",2013-03-26,6399.37,0.00328540140169764
"313",2013-03-27,6387.56,-0.00184719918825316
"314",2013-03-28,6411.74,0.00377833612241041
"315",2013-04-02,6490.66,0.01223353550618
"316",2013-04-03,6420.28,-0.0109024900026906
"317",2013-04-04,6344.12,-0.0119333307936156
"318",2013-04-05,6249.78,-0.0149821365355933
"319",2013-04-08,6276.94,0.00433633745454465
"320",2013-04-09,6313.21,0.00576166294081659
"321",2013-04-10,6387.37,0.0116783395480855
"322",2013-04-11,6416.14,0.00449408770280613
"323",2013-04-12,6384.39,-0.00496074226788856
"324",2013-04-15,6343.6,-0.00640951786483157
"325",2013-04-16,6304.58,-0.00617007724279617
"326",2013-04-17,6244.21,-0.00962171902488507
"327",2013-04-18,6243.67,-8.64838547993685e-05
"328",2013-04-19,6286.59,0.0068506428210604
"329",2013-04-22,6280.62,-0.000950091619234428
"330",2013-04-23,6406.12,0.0197850817282017
"331",2013-04-24,6431.76,0.00399443429781066
"332",2013-04-25,6442.59,0.0016824154313877
"333",2013-04-26,6426.42,-0.00251301514410152
"334",2013-04-29,6458.02,0.00490515123037127
"335",2013-04-30,6430.12,-0.00432956867049938
"336",2013-05-01,6451.29,0.00328691021552352
"337",2013-05-02,6460.71,0.0014591080655606
"338",2013-05-03,6521.46,0.00935905837525119
"339",2013-05-07,6557.3,0.00548065561447864
"340",2013-05-08,6583.48,0.00398454804623327
"341",2013-05-09,6592.74,0.0014055626764744
"342",2013-05-10,6624.98,0.00487830941145795
"343",2013-05-13,6631.76,0.00102287599985296
"344",2013-05-14,6686.06,0.00815453293345492
"345",2013-05-15,6693.55,0.00111961421632145
"346",2013-05-16,6687.8,-0.000859405120396062
"347",2013-05-17,6723.06,0.00525843700527595
"348",2013-05-20,6755.63,0.00483282327771306
"349",2013-05-21,6803.87,0.00711533663106323
"350",2013-05-22,6840.27,0.0053356365965147
"351",2013-05-23,6696.79,-0.0211988974275172
"352",2013-05-24,6654.34,-0.00635903373675362
"353",2013-05-28,6762.01,0.0160509097616774
"354",2013-05-29,6627.17,-0.0201423177267763
"355",2013-05-30,6656.99,0.00448956502904529
"356",2013-05-31,6583.09,-0.0111631904686877
"357",2013-06-03,6525.12,-0.00884489612634631
"358",2013-06-04,6558.58,0.00511477226553048
"359",2013-06-05,6419.31,-0.0214634808194472
"360",2013-06-06,6336.11,-0.0130456198177953
"361",2013-06-07,6411.99,0.0119046596977608
"362",2013-06-10,6400.45,-0.00180137477647691
"363",2013-06-11,6340.08,-0.00947691372776305
"364",2013-06-12,6299.45,-0.00642905866687471
"365",2013-06-13,6304.63,0.000821956111296984
"366",2013-06-14,6308.26,0.000575601642482937
"367",2013-06-17,6330.49,0.0035177565699076
"368",2013-06-18,6374.21,0.00688251947408247
"369",2013-06-19,6348.82,-0.00399119293193628
"370",2013-06-20,6159.51,-0.0302717399380388
"371",2013-06-21,6116.17,-0.00706114530139779
"372",2013-06-24,6029.1,-0.0143383377572732
"373",2013-06-25,6101.91,0.012004091054866
"374",2013-06-26,6165.48,0.0103641555430709
"375",2013-06-27,6243.4,0.0125589133212305
"376",2013-06-28,6215.47,-0.00448356019255591
"377",2013-07-01,6307.78,0.0147424465501871
"378",2013-07-02,6303.94,-0.000608957401317056
"379",2013-07-03,6229.87,-0.0118193689358144
"380",2013-07-04,6421.67,0.0303227426779493
"381",2013-07-05,6375.52,-0.00721255214051908
"382",2013-07-08,6450.07,0.0116253271165672
"383",2013-07-09,6513.08,0.00972147915291366
"384",2013-07-10,6504.96,-0.00124749978538397
"385",2013-07-11,6543.41,0.00589347348218183
"386",2013-07-12,6544.94,0.000233795704877693
"387",2013-07-15,6586.11,0.00627065389348935
"388",2013-07-16,6556.35,-0.00452884024235267
"389",2013-07-17,6571.93,0.00237350320288421
"390",2013-07-18,6634.36,0.00945465608486629
"391",2013-07-19,6630.67,-0.000556350056529098
"392",2013-07-22,6623.17,-0.00113174759926693
"393",2013-07-23,6597.44,-0.00389241229958337
"394",2013-07-24,6620.43,0.00347862752216699
"395",2013-07-25,6587.95,-0.00491809979240898
"396",2013-07-26,6554.79,-0.00504614264061587
"397",2013-07-29,6560.25,0.000832631896729552
"398",2013-07-30,6570.95,0.00162970670893969
"399",2013-07-31,6621.06,0.00759705928198784
"400",2013-08-01,6681.98,0.00915887283738748
"401",2013-08-02,6647.87,-0.0051178482056109
"402",2013-08-05,6619.58,-0.00426457878114839
"403",2013-08-06,6604.21,-0.0023245993654335
"404",2013-08-07,6511.21,-0.0141820176173333
"405",2013-08-08,6529.68,0.00283263064866901
"406",2013-08-09,6583.39,0.0081918727435184
"407",2013-08-12,6574.34,-0.00137561743965442
"408",2013-08-13,6611.94,0.00570291271018242
"409",2013-08-14,6587.43,-0.00371381788237812
"410",2013-08-15,6483.34,-0.0159274779516121
"411",2013-08-16,6499.99,0.00256482876541853
"412",2013-08-19,6465.73,-0.00528471688962462
"413",2013-08-20,6453.46,-0.00189950046237897
"414",2013-08-21,6390.84,-0.00975070593786498
"415",2013-08-22,6446.87,0.00872902655861907
"416",2013-08-23,6492.1,0.00699131139971954
"417",2013-08-27,6440.97,-0.00790690321528764
"418",2013-08-28,6430.06,-0.00169528042633971
"419",2013-08-29,6483.05,0.00820720917619511
"420",2013-08-30,6412.93,-0.0108748138629942
"421",2013-09-02,6506.19,0.0144377666576894
"422",2013-09-03,6468.41,-0.00582370273877864
"423",2013-09-04,6474.74,0.000978123641411699
"424",2013-09-05,6532.44,0.00887208118620819
"425",2013-09-06,6547.33,0.00227679942877401
"426",2013-09-09,6530.74,-0.00253707296241501
"427",2013-09-10,6583.99,0.00812068454827575
"428",2013-09-11,6588.43,0.000674135833529377
"429",2013-09-12,6588.98,8.34761915005089e-05
"430",2013-09-13,6583.8,-0.000786470322436728
"431",2013-09-16,6622.86,0.00591521457985777
"432",2013-09-17,6570.17,-0.00798759347050826
"433",2013-09-18,6558.82,-0.00172899862480058
"434",2013-09-19,6625.39,0.0100985293369451
"435",2013-09-20,6596.43,-0.00438064446679221
"436",2013-09-23,6557.37,-0.00593898566328122
"437",2013-09-24,6571.46,0.00214642209694738
"438",2013-09-25,6551.53,-0.00303741987499961
"439",2013-09-26,6565.59,0.00214376408611905
"440",2013-09-27,6512.66,-0.00809439932626965
"441",2013-09-30,6462.22,-0.00777506290585883
"442",2013-10-01,6460.01,-0.000342046229102166
"443",2013-10-02,6437.5,-0.0034905997910748
"444",2013-10-03,6449.04,0.00179101653116831
"445",2013-10-04,6453.88,0.000750217815348009
"446",2013-10-07,6437.28,-0.00257540968776837
"447",2013-10-08,6365.83,-0.0111614665122186
"448",2013-10-09,6337.91,-0.00439556303158817
"449",2013-10-10,6430.49,0.014501679528971
"450",2013-10-11,6487.19,0.00877872251615486
"451",2013-10-14,6507.65,0.00314894479755345
"452",2013-10-15,6549.11,0.00635075460485801
"453",2013-10-16,6571.59,0.00342664979712026
"454",2013-10-17,6576.16,0.000695176008678189
"455",2013-10-18,6622.58,0.007034033763194
"456",2013-10-21,6654.2,0.00476321213175979
"457",2013-10-22,6695.66,0.00621132106187972
"458",2013-10-23,6674.48,-0.00316825668494047
"459",2013-10-24,6713.18,0.00578145961227783
"460",2013-10-25,6721.34,0.00121478117617357
"461",2013-10-28,6725.82,0.000666311721694512
"462",2013-10-29,6774.73,0.00724566243294333
"463",2013-10-30,6777.7,0.000438297788299735
"464",2013-10-31,6731.43,-0.00685020884930942
"465",2013-11-01,6734.74,0.000491602299193872
"466",2013-11-04,6763.62,0.00427904487161257
"467",2013-11-05,6746.84,-0.00248400256217529
"468",2013-11-06,6741.69,-0.00076361178723694
"469",2013-11-07,6697.22,-0.00661812041506415
"470",2013-11-08,6708.42,0.00167093888928882
"471",2013-11-11,6728.37,0.00296946140550425
"472",2013-11-12,6726.79,-0.000234854138822627
"473",2013-11-13,6630,-0.0144932568766336
"474",2013-11-14,6666.13,0.00543467744781267
"475",2013-11-15,6693.44,0.00408846063783486
"476",2013-11-18,6723.46,0.004474960698305
"477",2013-11-19,6698.01,-0.00379243562784382
"478",2013-11-20,6681.08,-0.00253081622687823
"479",2013-11-21,6681.33,3.74183998292921e-05
"480",2013-11-22,6674.3,-0.00105273965350428
"481",2013-11-25,6694.62,0.00303988888376416
"482",2013-11-26,6636.22,-0.00876169447691666
"483",2013-11-27,6649.47,0.00199462796331495
"484",2013-11-28,6654.47,0.000751657063307931
"485",2013-11-29,6650.57,-0.000586244026578697
"486",2013-12-02,6595.33,-0.00834074245528882
"487",2013-12-03,6532.43,-0.00958282012221723
"488",2013-12-04,6509.97,-0.00344415478778259
"489",2013-12-05,6498.33,-0.00178962710064923
"490",2013-12-06,6551.99,0.00822359948379692
"491",2013-12-09,6559.48,0.00114251122334075
"492",2013-12-10,6523.31,-0.00552941569136323
"493",2013-12-11,6507.72,-0.00239275136931738
"494",2013-12-12,6445.25,-0.00964573906238542
"495",2013-12-13,6439.96,-0.000821096481502082
"496",2013-12-16,6522.2,0.0126894134201514
"497",2013-12-17,6486.19,-0.00553644101722561
"498",2013-12-18,6492.08,0.000907671115546904
"499",2013-12-19,6584.7,0.0141658036355601
"500",2013-12-20,6606.58,0.00331734601424394
"501",2013-12-23,6678.61,0.0108437599786484
"502",2013-12-24,6694.17,0.00232711627979576
"503",2013-12-27,6750.87,0.00843438712429823
"504",2013-12-30,6731.27,-0.00290755233337947
"505",2013-12-31,6749.09,0.00264384784680161
"506",2014-01-02,6717.91,-0.0046305867252272
"507",2014-01-03,6730.67,0.0018975986801486
"508",2014-01-06,6730.73,8.91437740513368e-06
"509",2014-01-07,6755.45,0.00366597920021405
"510",2014-01-08,6721.78,-0.00499658610115716
"511",2014-01-09,6691.34,-0.00453884737603261
"512",2014-01-10,6739.94,0.00723686977080007
"513",2014-01-13,6757.15,0.00255018071702651
"514",2014-01-14,6766.86,0.00143596487557929
"515",2014-01-15,6819.86,0.00780177538538673
"516",2014-01-16,6815.42,-0.000651251775824591
"517",2014-01-17,6829.3,0.00203448730169775
"518",2014-01-20,6836.73,0.00108736783573349
"519",2014-01-21,6834.26,-0.000361349108862541
"520",2014-01-22,6826.33,-0.0011610041573249
"521",2014-01-23,6773.28,-0.00780173388542948
"522",2014-01-24,6663.74,-0.016304571498253
"523",2014-01-27,6550.66,-0.0171150805675175
"524",2014-01-28,6572.33,0.00330260400969173
"525",2014-01-29,6544.28,-0.00427702626818594
"526",2014-01-30,6538.45,-0.000891251349818489
"527",2014-01-31,6510.44,-0.00429309205919814
"528",2014-02-03,6465.66,-0.00690194708191072
"529",2014-02-04,6449.27,-0.00253814907227046
"530",2014-02-05,6457.89,0.00133569294586344
"531",2014-02-06,6558.28,0.015425734401072
"532",2014-02-07,6571.68,0.00204113411652251
"533",2014-02-10,6591.55,0.00301901814251337
"534",2014-02-11,6672.66,0.0122300553134771
"535",2014-02-12,6675.03,0.00035511763082674
"536",2014-02-13,6659.42,-0.00234130498532537
"537",2014-02-14,6663.62,0.000630486756644899
"538",2014-02-17,6736,0.0108033965104699
"539",2014-02-18,6796.43,0.00893119738128156
"540",2014-02-19,6796.71,4.11972509724023e-05
"541",2014-02-20,6812.99,0.00239241243599331
"542",2014-02-21,6838.06,0.00367298166580809
"543",2014-02-24,6865.86,0.00405723882437492
"544",2014-02-25,6830.5,-0.00516342715305029
"545",2014-02-26,6799.15,-0.00460027297649646
"546",2014-02-27,6810.27,0.00163416258365956
"547",2014-02-28,6809.7,-8.37006249394534e-05
"548",2014-03-03,6708.35,-0.0149950472221487
"549",2014-03-04,6823.77,0.0170590859437869
"550",2014-03-05,6775.42,-0.00711074758504004
"551",2014-03-06,6788.49,0.00192717351341365
"552",2014-03-07,6712.67,-0.0112317455788098
"553",2014-03-10,6689.45,-0.00346512689540646
"554",2014-03-11,6685.52,-0.000587664886442241
"555",2014-03-12,6620.9,-0.00971268124702362
"556",2014-03-13,6553.78,-0.0101893299438824
"557",2014-03-14,6527.89,-0.00395821539643748
"558",2014-03-17,6568.35,0.00617889237304858
"559",2014-03-18,6605.28,0.00560666980025637
"560",2014-03-19,6573.13,-0.0048792022378823
"561",2014-03-20,6542.44,-0.00467994239121694
"562",2014-03-21,6557.17,0.00224892286232503
"563",2014-03-24,6520.39,-0.00562491733558979
"564",2014-03-25,6604.89,0.0128760936850671
"565",2014-03-26,6605.3,6.20732934386581e-05
"566",2014-03-27,6588.32,-0.00257397278000226
"567",2014-03-28,6615.58,0.00412908894046282
"568",2014-03-31,6598.37,-0.00260482440617338
"569",2014-04-01,6652.61,0.00818661003679644
"570",2014-04-02,6659.04,0.000966071148218006
"571",2014-04-03,6649.14,-0.00148780702187601
"572",2014-04-04,6695.55,0.0069556036312779
"573",2014-04-07,6622.84,-0.0109188456532099
"574",2014-04-08,6590.69,-0.00486623384413853
"575",2014-04-09,6635.61,0.00679255312713245
"576",2014-04-10,6641.97,0.00095800597494744
"577",2014-04-11,6561.7,-0.0121588905076724
"578",2014-04-14,6583.76,0.00335629498066936
"579",2014-04-15,6541.61,-0.00642269816305685
"580",2014-04-16,6584.17,0.00648497066908149
"581",2014-04-17,6625.25,0.00621982379782082
"582",2014-04-22,6681.76,0.00849331889015303
"583",2014-04-23,6674.74,-0.00105117368268637
"584",2014-04-24,6703,0.00422493515899092
"585",2014-04-25,6685.69,-0.00258576599276239
"586",2014-04-28,6700.16,0.00216198532574019
"587",2014-04-29,6769.91,0.0103563861831493
"588",2014-04-30,6780.03,0.00149373382932794
"589",2014-05-01,6808.87,0.00424464721955609
"590",2014-05-02,6822.42,0.00198807368384912
"591",2014-05-06,6798.56,-0.00350342257381442
"592",2014-05-07,6796.44,-0.000311879369942147
"593",2014-05-08,6839.25,0.00627913081882348
"594",2014-05-09,6814.57,-0.00361510945341337
"595",2014-05-12,6851.75,0.00544112705231292
"596",2014-05-13,6873.08,0.00310823772282554
"597",2014-05-14,6878.49,0.000786819291047181
"598",2014-05-15,6840.89,-0.00548131098347326
"599",2014-05-16,6855.81,0.00217862783026135
"600",2014-05-19,6844.55,-0.00164375279705098
"601",2014-05-20,6802,-0.0062360285772538
"602",2014-05-21,6821.04,0.00279526631316429
"603",2014-05-22,6820.56,-7.03729768058992e-05
"604",2014-05-23,6815.75,-0.000705469470771547
"605",2014-05-27,6844.94,0.00427358272912493
"606",2014-05-28,6851.22,0.000917045425888219
"607",2014-05-29,6871.29,0.00292512292728908
"608",2014-05-30,6844.51,-0.00390499045342807
"609",2014-06-02,6864.1,0.00285805976464282
"610",2014-06-03,6836.3,-0.00405828124064733
"611",2014-06-04,6818.63,-0.00258807769252734
"612",2014-06-05,6813.49,-0.000754101378740657
"613",2014-06-06,6858.21,0.00654200421207207
"614",2014-06-09,6875,0.00244516880837153
"615",2014-06-10,6873.55,-0.000210931335359987
"616",2014-06-11,6838.87,-0.00505819890897463
"617",2014-06-12,6843.11,0.000619793353845211
"618",2014-06-13,6777.85,-0.00958236414412106
"619",2014-06-16,6754.64,-0.00343026638243416
"620",2014-06-17,6766.77,0.00179419206340192
"621",2014-06-18,6778.56,0.0017408218149626
"622",2014-06-19,6808.11,0.00434985858839632
"623",2014-06-20,6825.2,0.0025070960686211
"624",2014-06-23,6800.56,-0.00361668293855288
"625",2014-06-24,6787.07,-0.00198563022871312
"626",2014-06-25,6733.62,-0.00790644241348915
"627",2014-06-26,6735.12,0.00022273798531991
"628",2014-06-27,6757.77,0.00335732689960722
"629",2014-06-30,6743.94,-0.00204863011231993
"630",2014-07-01,6802.92,0.00870760791309522
"631",2014-07-02,6816.37,0.0019751403153272
"632",2014-07-03,6865.21,0.00713955660984134
"633",2014-07-04,6866.05,0.000122348568309505
"634",2014-07-07,6823.51,-0.00621497505088264
"635",2014-07-08,6738.45,-0.0125440740679394
"636",2014-07-09,6718.04,-0.00303348282517923
"637",2014-07-10,6672.37,-0.00682132617106745
"638",2014-07-11,6690.17,0.00266416572423722
"639",2014-07-14,6746.14,0.00833120458438863
"640",2014-07-15,6710.45,-0.00530447664460176
"641",2014-07-16,6784.67,0.0109996425870769
"642",2014-07-17,6738.32,-0.00685501971143054
"643",2014-07-18,6749.45,0.00165038438916021
"644",2014-07-21,6728.44,-0.00311770121557586
"645",2014-07-22,6795.34,0.00989376427548372
"646",2014-07-23,6798.15,0.000413433200748159
"647",2014-07-24,6821.46,0.00342300884683944
"648",2014-07-25,6791.55,-0.00439433279349188
"649",2014-07-28,6788.07,-0.000512532762503071
"650",2014-07-29,6807.75,0.0028950094580491
"651",2014-07-30,6773.44,-0.00505258714304091
"652",2014-07-31,6730.11,-0.00641759370149408
"653",2014-08-01,6679.18,-0.00759626272558656
"654",2014-08-04,6677.52,-0.000248564392185457
"655",2014-08-05,6682.48,0.000742515004173327
"656",2014-08-06,6636.16,-0.00695569318685507
"657",2014-08-07,6597.37,-0.00586239818001211
"658",2014-08-08,6567.36,-0.00455915950910324
"659",2014-08-11,6632.82,0.00991812787453483
"660",2014-08-12,6632.42,-6.03079929373251e-05
"661",2014-08-13,6656.68,0.00365111662191175
"662",2014-08-14,6685.26,0.00428424107960623
"663",2014-08-15,6689.08,0.000571243157251544
"664",2014-08-18,6741.25,0.00776902167032745
"665",2014-08-19,6779.31,0.00562995919259102
"666",2014-08-20,6755.48,-0.00352129949905944
"667",2014-08-21,6777.66,0.00327788227409798
"668",2014-08-22,6775.25,-0.000355643182963661
"669",2014-08-26,6822.76,0.00698781561776229
"670",2014-08-27,6830.66,0.00115721934601076
"671",2014-08-28,6805.8,-0.00364611160682493
"672",2014-08-29,6819.75,0.0020476244810812
"673",2014-09-01,6825.31,0.000814946992935717
"674",2014-09-02,6829.17,0.000565382219289035
"675",2014-09-03,6873.58,0.00648193326041913
"676",2014-09-04,6877.97,0.000638473502860393
"677",2014-09-05,6855.1,-0.00333064946757489
"678",2014-09-08,6834.77,-0.00297008151938449
"679",2014-09-09,6829,-0.000844569301587939
"680",2014-09-10,6830.11,0.000162528891332059
"681",2014-09-11,6799.62,-0.00447405060264217
"682",2014-09-12,6806.96,0.00107888987710147
"683",2014-09-15,6804.21,-0.000404079889886333
"684",2014-09-16,6792.24,-0.00176075418105626
"685",2014-09-17,6780.9,-0.0016709475682859
"686",2014-09-18,6819.29,0.00564552435864663
"687",2014-09-19,6837.92,0.00272823095722075
"688",2014-09-22,6773.63,-0.00944645952577083
"689",2014-09-23,6676.08,-0.0145061433443345
"690",2014-09-24,6706.27,0.00451192073378515
"691",2014-09-25,6639.71,-0.00997462184928288
"692",2014-09-26,6649.39,0.00145683330128321
"693",2014-09-29,6646.6,-0.000419675412052456
"694",2014-09-30,6622.72,-0.00359928402964727
"695",2014-10-01,6557.52,-0.00989367899830818
"696",2014-10-02,6446.39,-0.0170921984967247
"697",2014-10-03,6527.91,0.0125665466017324
"698",2014-10-06,6563.65,0.00546001985851596
"699",2014-10-07,6495.58,-0.0104249050638519
"700",2014-10-08,6482.24,-0.00205581595342252
"701",2014-10-09,6431.85,-0.00780391893409771
"702",2014-10-10,6339.97,-0.0143881741324652
"703",2014-10-13,6366.24,0.004134991855274
"704",2014-10-14,6392.68,0.00414455735241326
"705",2014-10-15,6211.64,-0.0287286345275799
"706",2014-10-16,6195.91,-0.00253555430804475
"707",2014-10-17,6310.29,0.0182922373438075
"708",2014-10-20,6267.07,-0.00687269349381481
"709",2014-10-21,6372.33,0.0166562389852114
"710",2014-10-22,6399.73,0.00429062219170007
"711",2014-10-23,6419.15,0.00302990820677884
"712",2014-10-24,6388.73,-0.00475020958987216
"713",2014-10-27,6363.46,-0.00396324601138787
"714",2014-10-28,6402.17,0.00606474081570063
"715",2014-10-29,6453.87,0.00804295548272194
"716",2014-10-30,6463.55,0.00149875157918267
"717",2014-10-31,6546.47,0.0127472706149483
"718",2014-11-03,6487.97,-0.00897628019244401
"719",2014-11-04,6453.97,-0.00525424754250636
"720",2014-11-05,6539.14,0.0131102130126468
"721",2014-11-06,6551.15,0.00183494840371701
"722",2014-11-07,6567.24,0.00245304615404507
"723",2014-11-10,6611.25,0.00667909048881477
"724",2014-11-11,6627.4,0.00243982702336076
"725",2014-11-12,6611.04,-0.00247159156642063
"726",2014-11-13,6635.45,0.00368550878459573
"727",2014-11-14,6654.37,0.00284729406149431
"728",2014-11-17,6671.97,0.00264138694237559
"729",2014-11-18,6709.13,0.00555411670588768
"730",2014-11-19,6696.6,-0.00186935044176018
"731",2014-11-20,6678.9,-0.00264663157741651
"732",2014-11-21,6750.76,0.0107017878087898
"733",2014-11-24,6729.79,-0.00311115153528618
"734",2014-11-25,6731.14,0.000200580495482328
"735",2014-11-26,6729.17,-0.000292712428475284
"736",2014-11-27,6723.42,-0.000854854024417762
"737",2014-11-28,6722.62,-0.00011899414265315
"738",2014-12-01,6656.37,-0.00990366858740366
"739",2014-12-02,6742.1,0.0127971581796125
"740",2014-12-03,6716.63,-0.00378490844321
"741",2014-12-04,6679.37,-0.00556286892889801
"742",2014-12-05,6742.84,0.00945752943637324
"743",2014-12-08,6672.15,-0.010539054341967
"744",2014-12-09,6529.47,-0.0216163706828532
"745",2014-12-10,6500.04,-0.00451744540645294
"746",2014-12-11,6461.7,-0.00591588965952816
"747",2014-12-12,6300.63,-0.025242812671463
"748",2014-12-15,6182.72,-0.0188913243069386
"749",2014-12-16,6331.83,0.0238309898100546
"750",2014-12-17,6336.48,0.000734115317486683
"751",2014-12-18,6466,0.0202342700848188
"752",2014-12-19,6545.27,0.0121849720725287
"753",2014-12-22,6576.74,0.00479653046066275
"754",2014-12-23,6598.18,0.00325467159207804
"755",2014-12-24,6609.93,0.00177921036388184
"756",2014-12-29,6633.51,0.00356101208111781
"757",2014-12-30,6547,-0.0131271464145559
"758",2014-12-31,6566.09,0.00291159650183381
"759",2015-01-02,6547.8,-0.00278941059582571
"760",2015-01-05,6417.16,-0.0201534631377509
"761",2015-01-06,6366.51,-0.007924213475345
"762",2015-01-07,6419.83,0.00834019884863046
"763",2015-01-08,6569.96,0.0231161065974277
"764",2015-01-09,6501.14,-0.0105301980590315
"765",2015-01-12,6501.42,4.30684419132632e-05
"766",2015-01-13,6542.2,0.00625288575869476
"767",2015-01-14,6388.46,-0.0237802625605461
"768",2015-01-15,6498.78,0.0171212291985388
"769",2015-01-16,6550.27,0.00789180319413418
"770",2015-01-19,6585.53,0.005368547737719
"771",2015-01-20,6620.1,0.00523565766566136
"772",2015-01-21,6728.04,0.0161733923811749
"773",2015-01-22,6796.63,0.0101430331461447
"774",2015-01-23,6832.83,0.00531203512441536
"775",2015-01-26,6852.4,0.00286001964742333
"776",2015-01-27,6811.61,-0.00597044662107571
"777",2015-01-28,6825.94,0.00210155127190248
"778",2015-01-29,6810.6,-0.00224983851778227
"779",2015-01-30,6749.4,-0.00902660996251292
"780",2015-02-02,6782.55,0.00489952539209071
"781",2015-02-03,6871.8,0.0130729432127996
"782",2015-02-04,6860.02,-0.00171572346414983
"783",2015-02-05,6865.93,0.000861142633510781
"784",2015-02-06,6853.44,-0.0018207838188804
"785",2015-02-09,6837.15,-0.00237973786195234
"786",2015-02-10,6829.12,-0.00117515619464825
"787",2015-02-11,6818.17,-0.00160471454036504
"788",2015-02-12,6828.11,0.00145680753406374
"789",2015-02-13,6873.52,0.00662843271369518
"790",2015-02-16,6857.05,-0.00239902755664012
"791",2015-02-17,6898.13,0.00597304028517343
"792",2015-02-18,6898.08,-7.24836748666746e-06
"793",2015-02-19,6888.9,-0.00133169140111278
"794",2015-02-20,6915.2,0.00381046671963325
"795",2015-02-23,6912.16,-0.000439707948441281
"796",2015-02-24,6949.63,0.00540624136747958
"797",2015-02-25,6935.38,-0.00205257396329017
"798",2015-02-26,6949.73,0.00206696311502164
"799",2015-02-27,6946.66,-0.000441841377501362
"800",2015-03-02,6940.64,-0.000866979236723964
"801",2015-03-03,6889.13,-0.00744918219058732
"802",2015-03-04,6919.24,0.00436112991221371
"803",2015-03-05,6961.14,0.00603731702855015
"804",2015-03-06,6911.8,-0.00711315813921232
"805",2015-03-09,6876.47,-0.00512465701933529
"806",2015-03-10,6702.84,-0.0255741216966694
"807",2015-03-11,6721.51,0.0027815144922787
"808",2015-03-12,6761.07,0.00586832987873542
"809",2015-03-13,6740.58,-0.00303518691865179
"810",2015-03-16,6804.08,0.00937645761973194
"811",2015-03-17,6837.61,0.00491582311603622
"812",2015-03-18,6945.2,0.0156125181177824
"813",2015-03-19,6962.32,0.00246197864860243
"814",2015-03-20,7022.51,0.00860795185310259
"815",2015-03-23,7037.67,0.00215644549000515
"816",2015-03-24,7019.68,-0.0025595165264054
"817",2015-03-25,6990.97,-0.0040983166640931
"818",2015-03-26,6895.33,-0.0137749454204101
"819",2015-03-27,6855.02,-0.00586314028021562
"820",2015-03-30,6891.43,0.00529738007201175
"821",2015-03-31,6773.04,-0.0173285846426658
"822",2015-04-01,6809.5,0.00536867000909602
"823",2015-04-02,6833.46,0.00351243786294475
"824",2015-04-07,6961.77,0.0186026184699433
"825",2015-04-08,6937.41,-0.00350524634433214
"826",2015-04-09,7015.36,0.0111735248252334
"827",2015-04-10,7089.77,0.010550869120765
"828",2015-04-13,7064.3,-0.00359896870537391
"829",2015-04-14,7075.26,0.00155026071462139
"830",2015-04-15,7096.78,0.00303696807802289
"831",2015-04-16,7060.45,-0.00513237119804621
"832",2015-04-17,6994.63,-0.0093660770571411
"833",2015-04-20,7052.13,0.00818698705887044
"834",2015-04-21,7062.93,0.00153028072251615
"835",2015-04-22,7028.24,-0.00492366071530093
"836",2015-04-23,7053.67,0.00361172989227398
"837",2015-04-24,7070.7,0.0024114361564429
"838",2015-04-27,7103.98,0.00469570546227693
"839",2015-04-28,7030.53,-0.0103930962091354
"840",2015-04-29,6946.28,-0.0120558296816959
"841",2015-04-30,6960.63,0.00206372301150992
"842",2015-05-01,6985.95,0.00363100169627195
"843",2015-05-05,6927.58,-0.00839044332167127
"844",2015-05-06,6933.74,0.000888804299377099
"845",2015-05-07,6886.95,-0.00677103368421683
"846",2015-05-08,7046.82,0.0229481347534684
"847",2015-05-11,7029.85,-0.00241108276616586
"848",2015-05-12,6933.8,-0.0137573650019238
"849",2015-05-13,6949.63,0.00228041728305861
"850",2015-05-14,6973.04,0.00336286388482776
"851",2015-05-15,6960.49,-0.0018014104672428
"852",2015-05-18,6968.87,0.00120321407602297
"853",2015-05-19,6995.1,0.00375681569784447
"854",2015-05-20,7007.26,0.00173685051046668
"855",2015-05-21,7013.47,0.000885831252164238
"856",2015-05-22,7031.72,0.00259875591159719
"857",2015-05-26,6948.99,-0.0118350163399725
"858",2015-05-27,7033.33,0.0120639526049739
"859",2015-05-28,7040.92,0.0010785655698573
"860",2015-05-29,6984.43,-0.0080554575067584
"861",2015-06-01,6953.58,-0.00442675107541923
"862",2015-06-02,6928.27,-0.00364649208072088
"863",2015-06-03,6950.46,0.00319770164968602
"864",2015-06-04,6859.24,-0.0132111960083652
"865",2015-06-05,6804.6,-0.00799779436122705
"866",2015-06-08,6790.04,-0.00214202149774856
"867",2015-06-09,6753.8,-0.00535152312625442
"868",2015-06-10,6830.27,0.0112588948369208
"869",2015-06-11,6846.74,0.00240842230300053
"870",2015-06-12,6784.92,-0.00907012408061192
"871",2015-06-15,6710.52,-0.0110260582473813
"872",2015-06-16,6710.1,-6.25902529307609e-05
"873",2015-06-17,6680.55,-0.00441353451366844
"874",2015-06-18,6707.88,0.0040826352247656
"875",2015-06-19,6710.45,0.000383058105059675
"876",2015-06-22,6825.67,0.0170244919326272
"877",2015-06-23,6834.87,0.0013469454927737
"878",2015-06-24,6844.8,0.00145178966219461
"879",2015-06-25,6807.82,-0.00541728846736689
"880",2015-06-26,6753.7,-0.00798144858431371
"881",2015-06-29,6620.48,-0.0199226279810265
"882",2015-06-30,6520.98,-0.0151432034811414
"883",2015-07-01,6608.59,0.0133456465551305
"884",2015-07-02,6630.47,0.00330537363239003
"885",2015-07-03,6585.78,-0.00676291237408932
"886",2015-07-06,6535.68,-0.00763638245471299
"887",2015-07-07,6432.21,-0.0159582161533969
"888",2015-07-08,6490.7,0.00905220254574601
"889",2015-07-09,6581.63,0.0139120518811762
"890",2015-07-10,6673.38,0.013844043177162
"891",2015-07-13,6737.95,0.0096292461557379
"892",2015-07-14,6753.75,0.00234218181889467
"893",2015-07-15,6753.75,0
"894",2015-07-16,6796.45,0.00630251086223765
"895",2015-07-17,6775.08,-0.00314924222424651
"896",2015-07-20,6788.69,0.0020068173623784
"897",2015-07-21,6769.07,-0.00289428544187409
"898",2015-07-22,6667.34,-0.0151427269489091
"899",2015-07-23,6655.01,-0.00185102531017733
"900",2015-07-24,6579.81,-0.0113640849351633
"901",2015-07-27,6505.13,-0.0114147731483953
"902",2015-07-28,6555.28,0.00767973539575628
"903",2015-07-29,6631,0.0114847905989848
"904",2015-07-30,6668.87,0.00569480789605592
"905",2015-07-31,6696.28,0.0041017180396814
"906",2015-08-03,6688.62,-0.00114457348747443
"907",2015-08-04,6686.57,-0.00030653770392064
"908",2015-08-05,6752.41,0.00979844106784711
"909",2015-08-06,6747.09,-0.000788177380703914
"910",2015-08-07,6718.49,-0.00424787391347259
"911",2015-08-10,6736.22,0.00263550983448724
"912",2015-08-11,6664.54,-0.0106980027446717
"913",2015-08-12,6571.19,-0.0141059915676216
"914",2015-08-13,6568.33,-0.000435327933617558
"915",2015-08-14,6550.74,-0.00268159412835445
"916",2015-08-17,6550.3,-6.7170239944403e-05
"917",2015-08-18,6526.29,-0.00367221530713557
"918",2015-08-19,6403.45,-0.0190017271942544
"919",2015-08-20,6367.89,-0.00556873310009109
"920",2015-08-21,6187.65,-0.0287128044983316
"921",2015-08-24,5898.87,-0.0477945628805987
"922",2015-08-25,6081.34,0.0304642592869566
"923",2015-08-26,5979.2,-0.0169382866824836
"924",2015-08-27,6192.03,0.0349762014878472
"925",2015-08-28,6247.94,0.00898882818136215
"926",2015-09-01,6058.54,-0.0307829624563496
"927",2015-09-02,6083.31,0.00408010877465514
"928",2015-09-03,6194.1,0.0180482703402092
"929",2015-09-04,6042.92,-0.024709887242734
"930",2015-09-07,6074.52,0.00521563492522148
"931",2015-09-08,6146.1,0.0117147605618317
"932",2015-09-09,6229.01,0.0133996773437186
"933",2015-09-10,6155.81,-0.0118210603620508
"934",2015-09-11,6117.76,-0.00620033484958782
"935",2015-09-14,6084.59,-0.00543667108409629
"936",2015-09-15,6137.6,0.00867444089781877
"937",2015-09-16,6229.21,0.0148157327134104
"938",2015-09-17,6186.99,-0.00680081872501859
"939",2015-09-18,6104.11,-0.0134863854656846
"940",2015-09-21,6108.71,0.000753306806705822
"941",2015-09-22,5935.84,-0.0287070702724304
"942",2015-09-23,6032.24,0.0161098663886392
"943",2015-09-24,5961.49,-0.011797967880085
"944",2015-09-25,6109.01,0.0244442807629461
"945",2015-09-28,5958.86,-0.0248855429813659
"946",2015-09-29,5909.24,-0.00836196006583911
"947",2015-09-30,6061.61,0.025458213814904
"948",2015-10-01,6072.47,0.00179000021422482
"949",2015-10-02,6129.98,0.00942604572272288
"950",2015-10-05,6298.92,0.0271867028304431
"951",2015-10-06,6326.16,0.00431522687699015
"952",2015-10-07,6336.35,0.0016094758779559
"953",2015-10-08,6374.82,0.0060529624663026
"954",2015-10-09,6416.16,0.00646395255738597
"955",2015-10-12,6371.18,-0.00703511215238883
"956",2015-10-13,6342.28,-0.00454637050480322
"957",2015-10-14,6269.61,-0.0115241734986107
"958",2015-10-15,6338.67,0.0109548155092618
"959",2015-10-16,6378.04,0.00619187286408796
"960",2015-10-19,6352.33,-0.00403916539025495
"961",2015-10-20,6345.13,-0.00113408520628511
"962",2015-10-21,6348.42,0.000518373516262827
"963",2015-10-22,6376.28,0.00437889215733733
"964",2015-10-23,6444.08,0.0105770246832098
"965",2015-10-26,6417.02,-0.00420804440222078
"966",2015-10-27,6365.27,-0.00809718489350253
"967",2015-10-28,6437.8,0.011330216254537
"968",2015-10-29,6395.8,-0.00654534190642586
"969",2015-10-30,6361.09,-0.00544177862401085
"970",2015-11-02,6361.8,0.0001116098623406
"971",2015-11-03,6383.61,0.0034224118781907
"972",2015-11-04,6412.88,0.00457469994452531
"973",2015-11-05,6364.9,-0.00750994703352248
"974",2015-11-06,6353.83,-0.00174074027758131
"975",2015-11-09,6295.16,-0.00927669651836105
"976",2015-11-10,6275.28,-0.00316297863463966
"977",2015-11-11,6297.2,0.00348698462205554
"978",2015-11-12,6178.68,-0.0190004337358172
"979",2015-11-13,6118.28,-0.0098236451506768
"980",2015-11-16,6146.38,0.00458227935688704
"981",2015-11-17,6268.76,0.0197152773124625
"982",2015-11-18,6278.97,0.00162738634850079
"983",2015-11-19,6329.93,0.00808322335342915
"984",2015-11-20,6334.63,0.000742228741586359
"985",2015-11-23,6305.49,-0.00461072388923078
"986",2015-11-24,6277.23,-0.00449188212355267
"987",2015-11-25,6337.64,0.00957765903116226
"988",2015-11-26,6393.13,0.00871751691587797
"989",2015-11-27,6375.15,-0.00281635613952247
"990",2015-11-30,6356.09,-0.00299421175626158
"991",2015-12-01,6395.65,0.00620466335017689
"992",2015-12-02,6420.93,0.00394489525042552
"993",2015-12-03,6275,-0.0229894820059364
"994",2015-12-04,6238.29,-0.00586737865345022
"995",2015-12-07,6223.52,-0.00237044328489233
"996",2015-12-08,6135.22,-0.0142897257388768
"997",2015-12-09,6126.68,-0.00139293280500041
"998",2015-12-10,6088.05,-0.00632517113217546
"999",2015-12-11,5952.78,-0.022469496071654
"1000",2015-12-14,5874.06,-0.0133122901029417
"1001",2015-12-15,6017.79,0.0241740350560828
"1002",2015-12-16,6061.19,0.00718606815525469
"1003",2015-12-17,6102.54,0.00679892751400324
"1004",2015-12-18,6052.42,-0.00824688589012013
"1005",2015-12-21,6034.84,-0.00290884987928841
"1006",2015-12-22,6083.1,0.00796509227560271
"1007",2015-12-23,6240.98,0.0256227868717342
"1008",2015-12-24,6254.64,0.00218636697362129
"1009",2015-12-29,6314.57,0.00953607333353901
"1010",2015-12-30,6274.05,-0.00643758250504156
"1011",2015-12-31,6242.32,-0.00507017097969964
"1012",2016-01-04,6093.43,-0.0241407665898841
"1013",2016-01-05,6137.24,0.00716398813320218
"1014",2016-01-06,6073.38,-0.0104598426997953
"1015",2016-01-07,5954.08,-0.0198385881494367
"1016",2016-01-08,5912.44,-0.00701809307361501
"1017",2016-01-11,5871.83,-0.00689226583556746
"1018",2016-01-12,5929.24,0.00972970296804654
"1019",2016-01-13,5960.97,0.00533717660499811
"1020",2016-01-14,5918.23,-0.00719580180843593
"1021",2016-01-15,5804.1,-0.0194728533336423
"1022",2016-01-18,5779.92,-0.00417472261236362
"1023",2016-01-19,5876.8,0.016622554325215
"1024",2016-01-20,5673.58,-0.035192084290431
"1025",2016-01-21,5773.79,0.0175083988523177
"1026",2016-01-22,5900.01,0.0216253351803388
"1027",2016-01-25,5877,-0.00390761819497776
"1028",2016-01-26,5911.46,0.00584641219549376
"1029",2016-01-27,5990.37,0.0132603400097135
"1030",2016-01-28,5931.78,-0.0098288432336151
"1031",2016-01-29,6083.79,0.0253035204339369
"1032",2016-02-01,6060.1,-0.00390155544080528
"1033",2016-02-02,5922.01,-0.0230503832985534
"1034",2016-02-03,5837.14,-0.0144349674389019
"1035",2016-02-04,5898.76,0.0105012084736629
"1036",2016-02-05,5848.06,-0.00863217701867924
"1037",2016-02-08,5689.36,-0.0275122185322889
"1038",2016-02-09,5632.19,-0.01009940969832
"1039",2016-02-10,5672.3,0.00709632514530156
"1040",2016-02-11,5536.97,-0.0241472594977488
"1041",2016-02-12,5707.6,0.0303512003445725
"1042",2016-02-15,5824.28,0.0202367665875212
"1043",2016-02-16,5862.17,0.00648445554757515
"1044",2016-02-17,6030.32,0.0282802351150249
"1045",2016-02-18,5971.95,-0.00972657008706257
"1046",2016-02-19,5950.23,-0.00364363296472092
"1047",2016-02-22,6037.73,0.0145982392185608
"1048",2016-02-23,5962.31,-0.0125701236125391
"1049",2016-02-24,5867.18,-0.0160838803305481
"1050",2016-02-25,6012.81,0.0245180838062122
"1051",2016-02-26,6096.01,0.0137422654486414
"1052",2016-02-29,6097.09,0.000177149371829444
"1053",2016-03-01,6152.88,0.00910865671177774
"1054",2016-03-02,6147.06,-0.000946346150364263
"1055",2016-03-03,6130.46,-0.00270413082045451
"1056",2016-03-04,6199.43,0.0111875644251125
"1057",2016-03-07,6182.4,-0.00275080674484229
"1058",2016-03-08,6125.44,-0.00925595501065679
"1059",2016-03-09,6146.32,0.00340293815217585
"1060",2016-03-10,6036.7,-0.0179960237144048
"1061",2016-03-11,6139.79,0.016933034596633
"1062",2016-03-14,6174.57,0.00564870484208413
"1063",2016-03-15,6139.97,-0.00561938830820807
"1064",2016-03-16,6175.49,0.00576837543890996
"1065",2016-03-17,6201.12,0.00414168930542402
"1066",2016-03-18,6189.64,-0.00185299421259089
"1067",2016-03-21,6184.58,-0.000817829371390744
"1068",2016-03-22,6192.74,0.00131854087673489
"1069",2016-03-23,6199.11,0.00102809516917723
"1070",2016-03-24,6106.48,-0.0150552309348111
"1071",2016-03-29,6105.9,-9.49855802776511e-05
"1072",2016-03-30,6203.17,0.0158049348644607
"1073",2016-03-31,6174.9,-0.00456776365833811
"1074",2016-04-01,6146.05,-0.00468308900312664
"1075",2016-04-04,6164.72,0.00303311885663859
"1076",2016-04-05,6091.23,-0.0119926861325688
"1077",2016-04-06,6161.63,0.0114913211600136
"1078",2016-04-07,6136.89,-0.00402325375269719
"1079",2016-04-08,6204.41,0.0109422303473696
"1080",2016-04-11,6200.12,-0.000691682824104589
"1081",2016-04-12,6242.39,0.00679447516871079
"1082",2016-04-13,6362.89,0.0191195547870322
"1083",2016-04-14,6365.1,0.000347266146848213
"1084",2016-04-15,6343.75,-0.00335986656298282
"1085",2016-04-18,6353.52,0.00153891378668902
"1086",2016-04-19,6405.35,0.00812458863571841
"1087",2016-04-20,6410.26,0.000766253067974176
"1088",2016-04-21,6381.44,-0.00450605451420572
"1089",2016-04-22,6310.44,-0.0111883725098085
"1090",2016-04-25,6260.92,-0.00787826553846749
"1091",2016-04-26,6284.52,0.00376232764070039
"1092",2016-04-27,6319.91,0.00561550074037953
"1093",2016-04-28,6322.4,0.000393915357587815
"1094",2016-04-29,6241.89,-0.012815861772193
"1095",2016-05-03,6185.59,-0.00906062776391181
"1096",2016-05-04,6112.02,-0.0119650692623487
"1097",2016-05-05,6117.25,0.000855325022481424
"1098",2016-05-06,6125.7,0.00138038648230498
"1099",2016-05-09,6114.81,-0.00177933809509234
"1100",2016-05-10,6156.65,0.00681910092692384
"1101",2016-05-11,6162.49,0.000948118202646953
"1102",2016-05-12,6104.19,-0.0095054960219727
"1103",2016-05-13,6138.5,0.00560499201129083
"1104",2016-05-16,6151.4,0.00209928554951944
"1105",2016-05-17,6167.77,0.00265764814272984
"1106",2016-05-18,6165.8,-0.000319453332124908
"1107",2016-05-19,6053.35,-0.0184060551936707
"1108",2016-05-20,6156.32,0.0168673586267811
"1109",2016-05-23,6136.43,-0.0032360565955436
"1110",2016-05-24,6219.26,0.0134077887759272
"1111",2016-05-25,6262.85,0.00698442446047132
"1112",2016-05-26,6265.65,0.000446980891027238
"1113",2016-05-27,6270.79,0.000820009554230339
"1114",2016-05-31,6230.79,-0.00639921297942614
"1115",2016-06-01,6191.93,-0.00625629922471482
"1116",2016-06-02,6185.61,-0.00102120462535105
"1117",2016-06-03,6209.63,0.00387568616128675
"1118",2016-06-06,6273.4,0.0102171595753191
"1119",2016-06-07,6284.53,0.00177258559559768
"1120",2016-06-08,6301.52,0.00269981611705283
"1121",2016-06-09,6231.89,-0.0111112165596037
"1122",2016-06-10,6115.76,-0.018810611615617
"1123",2016-06-13,6044.97,-0.0116425246873639
"1124",2016-06-14,5923.53,-0.0202939663021233
"1125",2016-06-15,5966.8,0.00727821532447592
"1126",2016-06-16,5950.48,-0.00273888172502446
"1127",2016-06-17,6021.09,0.0117964174810918
"1128",2016-06-20,6204,0.029925939260588
"1129",2016-06-21,6226.55,0.0036281620260592
"1130",2016-06-22,6261.19,0.0055478555523738
"1131",2016-06-23,6338.1,0.0122087760994365
"1132",2016-06-24,6138.69,-0.0319676746453972
"1133",2016-06-27,5982.2,-0.0258229710636648
"1134",2016-06-28,6140.39,0.0260998647740838
"1135",2016-06-29,6360.06,0.0351495532126105
"1136",2016-06-30,6504.33,0.0224302976959656
"1137",2016-07-01,6577.83,0.0112367947456544
"1138",2016-07-04,6522.26,-0.00848396206681379
"1139",2016-07-05,6545.37,0.00353698782299716
"1140",2016-07-06,6463.59,-0.0125730384782798
"1141",2016-07-07,6533.79,0.0108022820954794
"1142",2016-07-08,6590.64,0.00866328755778589
"1143",2016-07-11,6682.86,0.0138955789911783
"1144",2016-07-12,6680.69,-0.000324764006430556
"1145",2016-07-13,6670.4,-0.00154144748293561
"1146",2016-07-14,6654.47,-0.00239101883759929
"1147",2016-07-15,6669.24,0.00221710110024986
"1148",2016-07-18,6695.42,0.00391780015155518
"1149",2016-07-19,6697.37,0.000291201461948276
"1150",2016-07-20,6728.99,0.00471014607960818
"1151",2016-07-21,6699.89,-0.00433394974846024
"1152",2016-07-22,6730.48,0.00455535519846428
"1153",2016-07-25,6710.13,-0.00302813868569274
"1154",2016-07-26,6724.03,0.00206935230192862
"1155",2016-07-27,6750.43,0.00391852939274884
"1156",2016-07-28,6721.06,-0.00436032636819483
"1157",2016-07-29,6724.43,0.000501283340446079
"1158",2016-08-01,6693.95,-0.00454303014571877
"1159",2016-08-02,6645.4,-0.00727924739633856
"1160",2016-08-03,6634.4,-0.00165665183448382
"1161",2016-08-04,6740.16,0.0158154293599999
"1162",2016-08-05,6793.47,0.00787819317176464
"1163",2016-08-08,6809.13,0.0023025020096874
"1164",2016-08-09,6851.3,0.00617405659358283
"1165",2016-08-10,6866.42,0.00220444886221571
"1166",2016-08-11,6914.71,0.0070081622688587
"1167",2016-08-12,6916.02,0.000189433240894488
"1168",2016-08-15,6941.19,0.00363276989823191
"1169",2016-08-16,6893.92,-0.00683336582633842
"1170",2016-08-17,6859.15,-0.00505633637856917
"1171",2016-08-18,6868.96,0.00142918459566488
"1172",2016-08-19,6858.95,-0.00145834315260984
"1173",2016-08-22,6828.54,-0.00444348087719426
"1174",2016-08-23,6868.51,0.00583630978298011
"1175",2016-08-24,6835.78,-0.00477661553145303
"1176",2016-08-25,6816.9,-0.00276575910884702
"1177",2016-08-26,6838.05,0.00309778020620577
"1178",2016-08-30,6820.79,-0.0025273023458805
"1179",2016-08-31,6781.51,-0.00577550990449005
"1180",2016-09-01,6745.97,-0.00525450146974116
"1181",2016-09-02,6894.6,0.0217932069596873
"1182",2016-09-05,6879.42,-0.0022041504434771
"1183",2016-09-06,6826.05,-0.00778817067426552
"1184",2016-09-07,6846.58,0.00300308213257416
"1185",2016-09-08,6858.7,0.00176866188205516
"1186",2016-09-09,6776.95,-0.0119907711754585
"1187",2016-09-12,6700.9,-0.0112853024970523
"1188",2016-09-13,6665.63,-0.00527737293938024
"1189",2016-09-14,6673.31,0.0011515159148523
"1190",2016-09-15,6730.3,0.00850373047680897
"1191",2016-09-16,6710.28,-0.00297904031015328
"1192",2016-09-19,6813.55,0.0152725976771517
"1193",2016-09-20,6830.79,0.00252705651934271
"1194",2016-09-21,6834.77,0.000582486208035249
"1195",2016-09-22,6911.4,0.0111494028978392
"1196",2016-09-23,6909.43,-0.000285076947381668
"1197",2016-09-26,6818.04,-0.0133151047093811
"1198",2016-09-27,6807.67,-0.00152212281079578
"1199",2016-09-28,6849.38,0.00610821951804574
"1200",2016-09-29,6919.42,0.0101738138591347
"1201",2016-09-30,6899.33,-0.0029076456487136
"1202",2016-10-03,6983.52,0.0121287822137628
"1203",2016-10-04,7074.34,0.0129210653057399
"1204",2016-10-05,7033.25,-0.00582524955630426
"1205",2016-10-06,6999.96,-0.00474446864921418
"1206",2016-10-07,7044.39,0.00632712061719864
"1207",2016-10-10,7097.5,0.00751105399451824
"1208",2016-10-11,7070.88,-0.00375766761238872
"1209",2016-10-12,7024.01,-0.00665066173059259
"1210",2016-10-13,6977.74,-0.00660919791146775
"1211",2016-10-14,7013.55,0.00511891014978616
"1212",2016-10-17,6947.55,-0.0094549128183079
"1213",2016-10-18,7000.06,0.00752964100513154
"1214",2016-10-19,7021.92,0.0031179644685988
"1215",2016-10-20,7026.9,0.000708956369088298
"1216",2016-10-21,7020.47,-0.000915473921320853
"1217",2016-10-24,6986.4,-0.00486476524612911
"1218",2016-10-25,7017.64,0.00446157706220163
"1219",2016-10-26,6958.09,-0.00852196778212644
"1220",2016-10-27,6986.57,0.00408472341369048
"1221",2016-10-28,6996.26,0.00138598574840287
"1222",2016-10-31,6954.22,-0.0060270510060878
"1223",2016-11-01,6917.14,-0.00534628015141081
"1224",2016-11-02,6845.42,-0.0104225738880572
"1225",2016-11-03,6790.51,-0.00805376630749066
"1226",2016-11-04,6693.26,-0.0144249992864083
"1227",2016-11-07,6806.9,0.0168357536782917
"1228",2016-11-08,6843.13,0.00530842570722712
"1229",2016-11-09,6911.84,0.00999065378006492
"1230",2016-11-10,6827.98,-0.0122070072731866
"1231",2016-11-11,6730.43,-0.0143898411805878
"1232",2016-11-14,6753.18,0.00337447042564243
"1233",2016-11-15,6792.74,0.00584088972457941
"1234",2016-11-16,6749.72,-0.00635337223955545
"1235",2016-11-17,6794.71,0.006643345709751
"1236",2016-11-18,6775.77,-0.0027913548080587
"1237",2016-11-21,6777.96,0.000323158277323543
"1238",2016-11-22,6819.72,0.00614224357249427
"1239",2016-11-23,6817.71,-0.000294776950577003
"1240",2016-11-24,6829.2,0.00168389807143221
"1241",2016-11-25,6840.75,0.00168983833129843
"1242",2016-11-28,6799.47,-0.00605270677822034
"1243",2016-11-29,6772,-0.00404820369713121
"1244",2016-11-30,6783.79,0.00173947855091328
"1245",2016-12-01,6752.93,-0.00455945804618629
"1246",2016-12-02,6730.72,-0.00329436318604692
"1247",2016-12-05,6746.83,0.00239064335470829
"1248",2016-12-06,6779.84,0.00488073790951127
"1249",2016-12-07,6902.23,0.0178910449411003
"1250",2016-12-08,6931.55,0.00423890562125173
"1251",2016-12-09,6954.21,0.00326377816050361
"1252",2016-12-12,6890.42,-0.00921519049891906
"1253",2016-12-13,6968.57,0.011277997652666
"1254",2016-12-14,6949.19,-0.00278493270838176
"1255",2016-12-15,6999.01,0.00714360445991247
"1256",2016-12-16,7011.64,0.001802914700054
"1257",2016-12-19,7017.16,0.000786952595356993
"1258",2016-12-20,7043.96,0.00381193424879456
"1259",2016-12-21,7041.42,-0.000360657650347207
"1260",2016-12-22,7063.68,0.00315630778654707
"1261",2016-12-23,7068.17,0.000635444071525271
"1262",2016-12-28,7106.08,0.00534914939336417
"1263",2016-12-29,7120.26,0.00199348598387772
"1264",2016-12-30,7142.83,0.0031648147545198
"1265",2017-01-03,7177.89,0.00489641163942522
"1266",2017-01-04,7189.74,0.00164954173889242
"1267",2017-01-05,7195.31,0.000774415143272478
"1268",2017-01-06,7210.05,0.00204646119836838
"1269",2017-01-09,7237.77,0.0038372618171838
"1270",2017-01-10,7275.47,0.00519526787899594
"1271",2017-01-11,7290.49,0.00206234334347499
"1272",2017-01-12,7292.37,0.000257836941507605
"1273",2017-01-13,7337.81,0.00621183691734473
"1274",2017-01-16,7327.13,-0.00145653536777246
"1275",2017-01-17,7220.38,-0.014676314517617
"1276",2017-01-18,7247.61,0.00376417624726955
"1277",2017-01-19,7208.44,-0.00541919761774956
"1278",2017-01-20,7198.44,-0.00138822584847986
"1279",2017-01-23,7151.18,-0.00658695782555085
"1280",2017-01-24,7150.34,-0.000117470031291589
"1281",2017-01-25,7164.43,0.00196859670820082
"1282",2017-01-26,7161.49,-0.000410444849793024
"1283",2017-01-27,7184.49,0.00320647591955137
"1284",2017-01-30,7118.48,-0.00923031631380056
"1285",2017-01-31,7099.15,-0.00271916091644364
"1286",2017-02-01,7107.65,0.00119661021683193
"1287",2017-02-02,7140.75,0.00464614406433839
"1288",2017-02-03,7188.3,0.0066368914256536
"1289",2017-02-06,7172.15,-0.00224923408509525
"1290",2017-02-07,7186.22,0.00195983311525083
"1291",2017-02-08,7188.82,0.000361738127804045
"1292",2017-02-09,7229.5,0.00564283605065796
"1293",2017-02-10,7258.75,0.004037760218079
"1294",2017-02-13,7278.92,0.00277486185092535
"1295",2017-02-14,7268.56,-0.00142430190677523
"1296",2017-02-15,7302.41,0.00464623300914901
"1297",2017-02-16,7277.92,-0.00335932355864443
"1298",2017-02-17,7299.96,0.00302376158850137
"1299",2017-02-20,7299.86,-1.36987990266846e-05
"1300",2017-02-21,7274.83,-0.00343472480131979
"1301",2017-02-22,7302.25,0.00376207475572166
"1302",2017-02-23,7271.37,-0.00423780038375554
"1303",2017-02-24,7243.7,-0.00381259387895305
"1304",2017-02-27,7253,0.00128305080133018
"1305",2017-02-28,7263.44,0.00143836943492204
"1306",2017-03-01,7382.9,0.0163129695395465
"1307",2017-03-02,7382.35,-7.44992465762095e-05
"1308",2017-03-03,7374.26,-0.00109645790062807
"1309",2017-03-06,7350.12,-0.00327891858645835
"1310",2017-03-07,7338.99,-0.00151540864354338
"1311",2017-03-08,7334.61,-0.000596990531304797
"1312",2017-03-09,7314.96,-0.00268267420609192
"1313",2017-03-10,7343.08,0.00383680689865962
"1314",2017-03-13,7367.08,0.00326305373905278
"1315",2017-03-14,7357.85,-0.00125365637851793
"1316",2017-03-15,7368.64,0.00146538678678176
"1317",2017-03-16,7415.95,0.00639992877463591
"1318",2017-03-17,7424.96,0.00121421140711142
"1319",2017-03-20,7429.81,0.000652988928449005
"1320",2017-03-21,7378.34,-0.00695160533530803
"1321",2017-03-22,7324.72,-0.00729375214545236
"1322",2017-03-23,7340.71,0.00218063927703405
"1323",2017-03-24,7336.82,-0.000530061950625438
"1324",2017-03-27,7293.5,-0.00592196569883185
"1325",2017-03-28,7343.42,0.00682113362042891
"1326",2017-03-29,7373.72,0.00411765367612738
"1327",2017-03-30,7369.52,-0.00056975266137016
"1328",2017-03-31,7322.92,-0.00634341964455665
"1329",2017-04-03,7282.69,-0.00550885608200247
"1330",2017-04-04,7321.82,0.00535863149596416
"1331",2017-04-05,7331.68,0.0013457537773327
"1332",2017-04-06,7303.2,-0.00389207645732093
"1333",2017-04-07,7349.37,0.00630198699661833
"1334",2017-04-10,7348.94,-5.85101280528022e-05
"1335",2017-04-11,7365.5,0.00225085113555679
"1336",2017-04-12,7348.99,-0.00224404745639895
"1337",2017-04-13,7327.59,-0.00291621279153453
"1338",2017-04-18,7147.5,-0.0248840308105933
"1339",2017-04-19,7114.36,-0.00464736852648251
"1340",2017-04-20,7118.54,0.000587371529370273
"1341",2017-04-21,7114.55,-0.000560665337538069
"1342",2017-04-24,7264.68,0.0208822663727535
"1343",2017-04-25,7275.64,0.00150753244436075
"1344",2017-04-26,7288.72,0.00179616591687903
"1345",2017-04-27,7237.17,-0.00709770160900369
"1346",2017-04-28,7203.94,-0.00460214743191756
"1347",2017-05-02,7250.05,0.00638026682177539
"1348",2017-05-03,7234.53,-0.00214296941152448
"1349",2017-05-04,7248.1,0.00187396957199226
"1350",2017-05-05,7297.43,0.00678286581899279
"1351",2017-05-08,7300.86,0.000469918060693075
"1352",2017-05-09,7342.21,0.00564773779152716
"1353",2017-05-10,7385.24,0.00584352653645759
"1354",2017-05-11,7386.63,0.000188195537072389
"1355",2017-05-12,7435.39,0.00657942384327725
"1356",2017-05-15,7454.37,0.00254940446051322
"1357",2017-05-16,7522.03,0.00903561073764791
"1358",2017-05-17,7503.47,-0.00247046812946472
"1359",2017-05-18,7436.42,-0.00897602996800018
"1360",2017-05-19,7470.71,0.00460049123843298
"1361",2017-05-22,7496.34,0.00342485994936936
"1362",2017-05-23,7485.29,-0.00147514015547934
"1363",2017-05-24,7514.9,0.0039479551204753
"1364",2017-05-25,7517.71,0.000373853912625677
"1365",2017-05-26,7547.63,0.00397203638782528
"1366",2017-05-30,7526.51,-0.00280215174061027
"1367",2017-05-31,7519.95,-0.000871965952875087
"1368",2017-06-01,7543.77,0.00316256805804116
"1369",2017-06-02,7547.63,0.000511549635444197
"1370",2017-06-05,7525.76,-0.00290180448410027
"1371",2017-06-06,7524.95,-0.000107636118267251
"1372",2017-06-07,7478.62,-0.00617588310755401
"1373",2017-06-08,7449.98,-0.00383693516293171
"1374",2017-06-09,7527.33,0.0103290494354429
"1375",2017-06-12,7511.87,-0.00205596114763473
"1376",2017-06-13,7500.44,-0.00152275062380447
"1377",2017-06-14,7474.4,-0.00347783699150206
"1378",2017-06-15,7419.36,-0.00739104840662641
"1379",2017-06-16,7463.54,0.00593703240263821
"1380",2017-06-19,7523.81,0.00804282610206108
"1381",2017-06-20,7472.71,-0.00681494076911093
"1382",2017-06-21,7447.79,-0.00334037373702678
"1383",2017-06-22,7439.29,-0.00114192990481143
"1384",2017-06-23,7424.13,-0.0020399080772826
"1385",2017-06-26,7446.8,0.00304890380915523
"1386",2017-06-27,7434.36,-0.00167191306293191
"1387",2017-06-28,7387.8,-0.00628250580792944
"1388",2017-06-29,7350.32,-0.00508614135275742
"1389",2017-06-30,7312.72,-0.00512855211648322
"1390",2017-07-03,7377.09,0.0087639543335758
"1391",2017-07-04,7357.23,-0.00269574870465483
"1392",2017-07-05,7367.6,0.00140850545838767
"1393",2017-07-06,7337.28,-0.00412380692231906
"1394",2017-07-07,7350.92,0.00185727371916045
"1395",2017-07-10,7370.03,0.00259630128961774
"1396",2017-07-11,7329.76,-0.0054790035422716
"1397",2017-07-12,7416.93,0.0118224517248091
"1398",2017-07-13,7413.44,-0.000470655831840361
"1399",2017-07-14,7378.39,-0.00473911146889705
"1400",2017-07-17,7404.13,0.00348249500275521
"1401",2017-07-18,7390.22,-0.00188044815742749
"1402",2017-07-19,7430.91,0.00549082320047845
"1403",2017-07-20,7487.87,0.00763605023659686
"1404",2017-07-21,7452.91,-0.00467981776105297
"1405",2017-07-24,7377.73,-0.0101385569308352
"1406",2017-07-25,7434.82,0.00770836657904539
"1407",2017-07-26,7452.32,0.0023510235089681
"1408",2017-07-27,7443.01,-0.00125005638845721
"1409",2017-07-28,7368.37,-0.0100788220737087
"1410",2017-07-31,7372,0.000492524960144181
"1411",2017-08-01,7423.66,0.00698315721379572
"1412",2017-08-02,7411.43,-0.00164879387595462
"1413",2017-08-03,7474.77,0.00850994642718028
"1414",2017-08-04,7511.71,0.00492978668934718
"1415",2017-08-07,7531.94,0.00268950848954752
"1416",2017-08-08,7542.73,0.00143154070273788
"1417",2017-08-09,7498.06,-0.00593986503862531
"1418",2017-08-10,7389.94,-0.0145247045682932
"1419",2017-08-11,7309.96,-0.0108818140568214
"1420",2017-08-14,7353.89,0.00599162313064916
"1421",2017-08-15,7383.85,0.00406575788022501
"1422",2017-08-16,7433.03,0.00663839898907526
"1423",2017-08-17,7387.87,-0.00609411571004692
"1424",2017-08-18,7323.98,-0.00868557002008252
"1425",2017-08-21,7318.88,-0.000696585258101123
"1426",2017-08-22,7381.74,0.0085520723779613
"1427",2017-08-23,7382.65,0.000123269569707318
"1428",2017-08-24,7407.06,0.00330094669399017
"1429",2017-08-25,7401.46,-0.000756321396998771
"1430",2017-08-29,7337.43,-0.00868863297223221
"1431",2017-08-30,7365.26,0.00378570632140018
"1432",2017-08-31,7430.62,0.00883494934350004
"1433",2017-09-01,7438.5,0.00105991487562385
"1434",2017-09-04,7411.47,-0.00364041541518745
"1435",2017-09-05,7372.92,-0.00521497165143536
"1436",2017-09-06,7354.13,-0.00255176837125681
"1437",2017-09-07,7396.98,0.00580974862595518
"1438",2017-09-08,7377.6,-0.00262342633293322
"1439",2017-09-11,7413.59,0.00486641994678827
"1440",2017-09-12,7400.69,-0.00174156331060615
"1441",2017-09-13,7379.7,-0.00284025172685887
"1442",2017-09-14,7295.39,-0.0114903455590358
"1443",2017-09-15,7215.47,-0.0110153096512668
"1444",2017-09-18,7253.28,0.00522644818209805
"1445",2017-09-19,7275.25,0.00302439637686369
"1446",2017-09-20,7271.95,-0.000453695564315737
"1447",2017-09-21,7263.9,-0.00110760647956099
"1448",2017-09-22,7310.64,0.0064139465444768
"1449",2017-09-25,7301.29,-0.00127977635755805
"1450",2017-09-26,7285.74,-0.0021320317967799
"1451",2017-09-27,7313.51,0.00380430960390399
"1452",2017-09-28,7322.82,0.00127217700825888
"1453",2017-09-29,7372.76,0.0067966275906759
"1454",2017-10-02,7438.84,0.00892279543327135
"1455",2017-10-03,7468.11,0.00392703237292658
"1456",2017-10-04,7467.58,-7.09709427848537e-05
"1457",2017-10-05,7507.99,0.00539680266994935
"1458",2017-10-06,7522.87,0.00197992727773766
"1459",2017-10-09,7507.89,-0.00199324651044464
"1460",2017-10-10,7538.27,0.004038245144935
"1461",2017-10-11,7533.81,-0.00059182277830061
"1462",2017-10-12,7556.24,0.0029728220276386
"1463",2017-10-13,7535.44,-0.00275648743814472
"1464",2017-10-16,7526.97,-0.00112465414137297
"1465",2017-10-17,7516.17,-0.00143587068332174
"1466",2017-10-18,7542.87,0.00354604649142765
"1467",2017-10-19,7523.04,-0.00263243460917373
"1468",2017-10-20,7523.23,2.525542875631e-05
"1469",2017-10-23,7524.45,0.000162151242273367
"1470",2017-10-24,7526.54,0.000277722596777608
"1471",2017-10-25,7447.21,-0.0105959752537448
"1472",2017-10-26,7486.5,0.00526193298984445
"1473",2017-10-27,7505.03,0.00247206381690823
"1474",2017-10-30,7487.81,-0.00229709749080165
"1475",2017-10-31,7493.08,0.000703563034958776
"1476",2017-11-01,7487.96,-0.000683530676020894
"1477",2017-11-02,7555.32,0.00895555360262179
"1478",2017-11-03,7560.35,0.000665534532794609
"1479",2017-11-06,7562.28,0.000255246608622528
"1480",2017-11-07,7513.11,-0.00652323745644523
"1481",2017-11-08,7529.72,0.00220836195720864
"1482",2017-11-09,7484.1,-0.00607708636431958
"1483",2017-11-10,7432.99,-0.00685256977072157
"1484",2017-11-13,7415.18,-0.00239894997717904
"1485",2017-11-14,7414.42,-0.00010249770737758
"1486",2017-11-15,7372.61,-0.00565497079792898
"1487",2017-11-16,7386.94,0.00194179422850738
"1488",2017-11-17,7380.68,-0.000847800847388669
"1489",2017-11-20,7389.46,0.0011888852826285
"1490",2017-11-21,7411.34,0.00295659909445689
"1491",2017-11-22,7419.02,0.00103571331869645
"1492",2017-11-23,7417.24,-0.000239952657683062
"1493",2017-11-24,7409.64,-0.00102516519532259
"1494",2017-11-27,7383.9,-0.00347990081823824
"1495",2017-11-28,7460.65,0.0103405874736318
"1496",2017-11-29,7393.56,-0.00903319075241171
"1497",2017-11-30,7326.67,-0.00908823576851781
"1498",2017-12-01,7300.49,-0.00357964607696637
"1499",2017-12-04,7338.97,0.00525703661484656
"1500",2017-12-05,7327.5,-0.00156411220128483
"1501",2017-12-06,7348.03,0.00279785648523756
"1502",2017-12-07,7320.75,-0.0037194683471018
"1503",2017-12-08,7393.96,0.00995066896703634
"1504",2017-12-11,7453.48,0.00801758671351749
"1505",2017-12-12,7500.41,0.00627664829316288
"1506",2017-12-13,7496.51,-0.00052010680698622
"1507",2017-12-14,7448.12,-0.00647592735496261
"1508",2017-12-15,7490.57,0.00568324454936864
"1509",2017-12-18,7537.01,0.00618065554611569
"1510",2017-12-19,7544.09,0.000938923622300081
"1511",2017-12-20,7525.22,-0.00250442918262195
"1512",2017-12-21,7603.98,0.0104117483401112
"1513",2017-12-22,7592.66,-0.00148980328463821
"1514",2017-12-27,7620.68,0.00368361341869949
"1515",2017-12-28,7622.88,0.000288646486160005
"1516",2017-12-29,7687.77,0.00847650341878392
"1517",2018-01-02,7648.1,-0.00517350348966694
"1518",2018-01-03,7671.11,0.00300407361794619
"1519",2018-01-04,7695.88,0.0032237961308752
"1520",2018-01-05,7724.22,0.00367572608587352
"1521",2018-01-08,7696.51,-0.00359386745308754
"1522",2018-01-09,7731.02,0.00447382796341067
"1523",2018-01-10,7748.51,0.00225975949434343
"1524",2018-01-11,7762.94,0.00186056160612758
"1525",2018-01-12,7778.64,0.00202038728888176
"1526",2018-01-15,7769.14,-0.0012220395686402
"1527",2018-01-16,7755.93,-0.00170176407423739
"1528",2018-01-17,7725.43,-0.00394022740384159
"1529",2018-01-18,7700.96,-0.00317248825208694
"1530",2018-01-19,7730.79,0.00386606018815705
"1531",2018-01-22,7715.44,-0.00198754065595352
"1532",2018-01-23,7731.83,0.00212205860977654
"1533",2018-01-24,7643.43,-0.0114991192461513
"1534",2018-01-25,7615.84,-0.00361616644379659
"1535",2018-01-26,7665.54,0.00650467107510977
"1536",2018-01-29,7671.53,0.000781114033458152
"1537",2018-01-30,7587.98,-0.0109506576449405
"1538",2018-01-31,7533.55,-0.00719903807016564
"1539",2018-02-01,7490.39,-0.00574551265902201
"1540",2018-02-02,7443.43,-0.0062891014868498
"1541",2018-02-05,7334.98,-0.0146770791744189
"1542",2018-02-06,7141.4,-0.0267458493761925
"1543",2018-02-07,7279.42,0.0191423531430726
"1544",2018-02-08,7170.69,-0.0150493044141466
"1545",2018-02-09,7092.43,-0.010973866219306
"1546",2018-02-12,7177.06,0.0118618103803811
"1547",2018-02-13,7168.01,-0.0012617576910614
"1548",2018-02-14,7213.97,0.00639135313122097
"1549",2018-02-15,7234.81,0.00288467461632003
"1550",2018-02-16,7294.7,0.00824395856307447
"1551",2018-02-19,7247.66,-0.00646939892343745
"1552",2018-02-20,7246.77,-0.000122805795207626
"1553",2018-02-21,7281.57,0.00479064594520828
"1554",2018-02-22,7252.39,-0.00401542858345039
"1555",2018-02-23,7244.41,-0.00110093273081269
"1556",2018-02-26,7289.58,0.00621579420828233
"1557",2018-02-27,7282.45,-0.000978587138373399
"1558",2018-02-28,7231.91,-0.00696416573159198
"1559",2018-03-01,7175.64,-0.00781122204817741
"1560",2018-03-02,7069.9,-0.0148456207371161
"1561",2018-03-05,7115.98,0.00649662369502302
"1562",2018-03-06,7146.75,0.0043147486823667
"1563",2018-03-07,7157.84,0.0015505515672789
"1564",2018-03-08,7203.24,0.00632266532082504
"1565",2018-03-09,7224.51,0.00294848682703197
"1566",2018-03-12,7214.76,-0.00135048399009641
"1567",2018-03-13,7138.78,-0.0105870342348151
"1568",2018-03-14,7132.69,-0.000853451027770902
"1569",2018-03-15,7139.76,0.000990719964446996
"1570",2018-03-16,7164.14,0.00340886382156924
"1571",2018-03-19,7042.93,-0.0170637493953301
"1572",2018-03-20,7061.27,0.00260064524562331
"1573",2018-03-21,7038.97,-0.00316306936515076
"1574",2018-03-22,6952.59,-0.012347600621867
"1575",2018-03-23,6921.94,-0.00441817486545482
"1576",2018-03-26,6888.69,-0.0048151408362056
"1577",2018-03-27,7000.14,0.0160492125309606
"1578",2018-03-28,7044.74,0.00635109020748637
"1579",2018-03-29,7056.61,0.00168352715216002
"1580",2018-04-03,7030.46,-0.00371262867818345
"1581",2018-04-04,7034.01,0.000504818180193212
"1582",2018-04-05,7199.5,0.0232546234492155
"1583",2018-04-06,7183.64,-0.00220536078047928
"1584",2018-04-09,7194.75,0.00154537499832053
"1585",2018-04-10,7266.75,0.00995755556705724
"1586",2018-04-11,7257.14,-0.00132333712282851
"1587",2018-04-12,7258.34,0.000165340726278274
"1588",2018-04-13,7264.56,0.00085657828399377
"1589",2018-04-16,7198.2,-0.00917673607172986
"1590",2018-04-17,7226.05,0.0038615573922236
"1591",2018-04-18,7317.34,0.012554321794644
"1592",2018-04-19,7328.92,0.00158129138946883
"1593",2018-04-20,7368.17,0.00534120609071209
"1594",2018-04-23,7398.87,0.00415791441332836
"1595",2018-04-24,7425.4,0.00357926944441189
"1596",2018-04-25,7379.32,-0.0062250618458517
"1597",2018-04-26,7421.43,0.00569026753694857
"1598",2018-04-27,7502.21,0.0108258828205496
"1599",2018-04-30,7509.3,0.000944608573981043
"1600",2018-05-01,7520.36,0.00147175677911449
"1601",2018-05-02,7543.2,0.00303248601299977
"1602",2018-05-03,7502.69,-0.00538487226591222
"1603",2018-05-04,7567.14,0.00855356602542123
"1604",2018-05-08,7565.75,-0.000183705822735192
"1605",2018-05-09,7662.52,0.0127094282670122
"1606",2018-05-10,7700.97,0.00500538357843539
"1607",2018-05-11,7724.55,0.00305727370833431
"1608",2018-05-14,7710.98,-0.00175828150974233
"1609",2018-05-15,7722.98,0.0015550127664028
"1610",2018-05-16,7734.2,0.00145175277386755
"1611",2018-05-17,7787.97,0.00692818273199691
"1612",2018-05-18,7778.79,-0.00117943631997619
"1613",2018-05-21,7859.17,0.0102802037984464
"1614",2018-05-22,7877.45,0.00232324453689969
"1615",2018-05-23,7788.44,-0.0113636643485915
"1616",2018-05-24,7716.74,-0.00924858803047002
"1617",2018-05-25,7730.28,0.00175308939429364
"1618",2018-05-29,7632.64,-0.0127112963805178
"1619",2018-05-30,7689.57,0.00743107710662372
"1620",2018-05-31,7678.2,-0.00147972048964995
"1621",2018-06-01,7701.77,0.0030650278839488
"1622",2018-06-04,7741.29,0.00511816780753804
"1623",2018-06-05,7686.8,-0.00706376830482114
"1624",2018-06-06,7712.37,0.0033209612596643
"1625",2018-06-07,7704.4,-0.00103393910786842
"1626",2018-06-08,7681.07,-0.00303273385621949
"1627",2018-06-11,7737.43,0.00731073074832267
"1628",2018-06-12,7703.81,-0.00435457944131379
"1629",2018-06-13,7703.71,-1.29806743718319e-05
"1630",2018-06-14,7765.79,0.00802615899179315
"1631",2018-06-15,7633.91,-0.017128025105972
"1632",2018-06-18,7631.33,-0.000338022857757636
"1633",2018-06-19,7603.85,-0.00360744406055602
"1634",2018-06-20,7627.4,0.00309232909530088
"1635",2018-06-21,7556.44,-0.00934684725458901
"1636",2018-06-22,7682.27,0.0165148965906106
"1637",2018-06-25,7509.84,-0.0227009157808524
"1638",2018-06-26,7537.92,0.00373212127163391
"1639",2018-06-27,7621.69,0.0110518479908901
"1640",2018-06-28,7615.63,-0.000795415508699548
"1641",2018-06-29,7636.93,0.0027929755852476
"1642",2018-07-02,7547.85,-0.0117329354665507
"1643",2018-07-03,7593.29,0.00600220807947949
"1644",2018-07-04,7573.09,-0.00266378818736435
"1645",2018-07-05,7603.22,0.00397066738703877
"1646",2018-07-06,7617.7,0.00190264509217464
"1647",2018-07-09,7687.99,0.00918488407256213
"1648",2018-07-10,7692.04,0.000526656982282603
"1649",2018-07-11,7591.96,-0.0130962353311723
"1650",2018-07-12,7651.33,0.00778969634650828
"1651",2018-07-13,7661.87,0.00137659034877657
"1652",2018-07-16,7600.45,-0.00804862321940547
"1653",2018-07-17,7626.33,0.00339927744676949
"1654",2018-07-18,7676.28,0.00652832129961922
"1655",2018-07-19,7683.97,0.00100128587001969
"1656",2018-07-20,7678.79,-0.000674358018521559
"1657",2018-07-23,7655.79,-0.00299975835624089
"1658",2018-07-24,7709.05,0.0069327390742604
"1659",2018-07-25,7658.26,-0.0066101594795196
"1660",2018-07-26,7663.17,0.000640932363113578
"1661",2018-07-27,7701.31,0.00496470799409465
"1662",2018-07-30,7700.85,-5.97318817785464e-05
"1663",2018-07-31,7748.76,0.00620211818634608
"1664",2018-08-01,7652.91,-0.0124468628993366
"1665",2018-08-02,7575.93,-0.0101098515277922
"1666",2018-08-03,7659.1,0.0109183672402562
"1667",2018-08-06,7663.78,0.000610851242784705
"1668",2018-08-07,7718.48,0.00711211883955798
"1669",2018-08-08,7776.65,0.00750820074026315
"1670",2018-08-09,7741.77,-0.00449531057122599
"1671",2018-08-10,7667.01,-0.00970363476137237
"1672",2018-08-13,7642.45,-0.00320847646736588
"1673",2018-08-14,7611.64,-0.00403957783085573
"1674",2018-08-15,7497.87,-0.0150596743621758
"1675",2018-08-16,7556.38,0.00777325932742201
"1676",2018-08-17,7558.59,0.00029242532611562
"1677",2018-08-20,7591.26,0.00431292067472455
"1678",2018-08-21,7565.7,-0.00337271118075577
"1679",2018-08-22,7574.24,0.00112814197490074
"1680",2018-08-23,7563.22,-0.00145599089236548
"1681",2018-08-24,7577.49,0.00188498481581156
"1682",2018-08-28,7617.22,0.00522946348331388
"1683",2018-08-29,7563.21,-0.00711577048816814
"1684",2018-08-30,7516.03,-0.00625763021954029
"1685",2018-08-31,7432.42,-0.0111865607344104
"1686",2018-09-03,7504.6,0.00966465356990653
"1687",2018-09-04,7457.86,-0.00624765607182809
"1688",2018-09-05,7383.28,-0.0100505254711063
"1689",2018-09-06,7318.96,-0.00874974294398179
"1690",2018-09-07,7277.7,-0.00565336315168707
"1691",2018-09-10,7279.3,0.000219825514385263
"1692",2018-09-11,7273.54,-0.000791598107419134
"1693",2018-09-12,7313.36,0.00545970684849451
"1694",2018-09-13,7281.57,-0.00435631418231885
"1695",2018-09-14,7304.04,0.00308112143081019
"1696",2018-09-17,7302.1,-0.000265641711143516
"1697",2018-09-18,7300.23,-0.000256123510457229
"1698",2018-09-19,7331.12,0.00422244644478376
"1699",2018-09-20,7367.32,0.00492570275376103
"1700",2018-09-21,7490.23,0.0165455009619304
"1701",2018-09-24,7458.41,-0.00425724989821852
"1702",2018-09-25,7507.56,0.00656825808181694
"1703",2018-09-26,7511.49,0.000523335376032108
"1704",2018-09-27,7545.44,0.00450955905809103
"1705",2018-09-28,7510.2,-0.0046813107056316
"1706",2018-10-01,7495.67,-0.00193657609202447
"1707",2018-10-02,7474.55,-0.00282160369214957
"1708",2018-10-03,7510.28,0.00476883190714261
"1709",2018-10-04,7418.34,-0.0123174362291039
"1710",2018-10-05,7318.54,-0.013544457945958
"1711",2018-10-08,7233.33,-0.0117113434790976
"1712",2018-10-09,7237.59,0.000588767006252766
"1713",2018-10-10,7145.74,-0.012771903106696
"1714",2018-10-11,7006.93,-0.0196167156197546
"1715",2018-10-12,6995.91,-0.00157396674889476
"1716",2018-10-15,7029.22,0.00475005402889472
"1717",2018-10-16,7059.4,0.00428431544944985
"1718",2018-10-17,7054.6,-0.000680175738281719
"1719",2018-10-18,7026.99,-0.00392143719302318
"1720",2018-10-19,7049.8,0.00324079850079784
"1721",2018-10-22,7042.8,-0.000993429257297507
"1722",2018-10-23,6955.21,-0.0125147993456185
"1723",2018-10-24,6962.98,0.00111652460660494
"1724",2018-10-25,7004.1,0.00588814824622652
"1725",2018-10-26,6939.56,-0.00925731994492196
"1726",2018-10-29,7026.32,0.0124247259921777
"1727",2018-10-30,7035.85,0.00135540979222881
"1728",2018-10-31,7128.1,0.0130262115339477
"1729",2018-11-01,7114.66,-0.00188727521761578
"1730",2018-11-02,7094.12,-0.00289117212140866
"1731",2018-11-05,7103.84,0.0013692110019381
"1732",2018-11-06,7040.68,-0.00893072649927085
"1733",2018-11-07,7117.28,0.0108208735483597
"1734",2018-11-08,7140.68,0.00328237994907177
"1735",2018-11-09,7105.34,-0.00496139588354616
"1736",2018-11-12,7053.08,-0.00738221317555698
"1737",2018-11-13,7053.76,9.64071330677996e-05
"1738",2018-11-14,7033.79,-0.00283512936976216
"1739",2018-11-15,7038.01,0.000599781140508071
"1740",2018-11-16,7013.88,-0.00343441682481327
"1741",2018-11-19,7000.89,-0.00185375910128016
"1742",2018-11-20,6947.92,-0.00759494962269613
"1743",2018-11-21,7050.23,0.0146179061977048
"1744",2018-11-22,6960.32,-0.0128347901045842
"1745",2018-11-23,6952.86,-0.00107236458018889
"1746",2018-11-26,7036,0.0118867411545889
"1747",2018-11-27,7016.85,-0.00272542749033633
"1748",2018-11-28,7004.52,-0.00175874442771828
"1749",2018-11-29,7038.95,0.00490335636179218
"1750",2018-11-30,6980.24,-0.00837571118172953
"1751",2018-12-03,7062.41,0.0117030528912103
"1752",2018-12-04,7022.76,-0.00563004986573112
"1753",2018-12-05,6921.84,-0.0144746729235283
"1754",2018-12-06,6704.05,-0.0319698088534111
"1755",2018-12-07,6778.11,0.0109864806434103
"1756",2018-12-10,6721.54,-0.00838100708221567
"1757",2018-12-11,6806.94,0.0126253850242044
"1758",2018-12-12,6880.19,0.0107035878717401
"1759",2018-12-13,6877.5,-0.000391054026406934
"1760",2018-12-14,6845.17,-0.00471191973812246
"1761",2018-12-17,6773.24,-0.0105637396587959
"1762",2018-12-18,6701.59,-0.0106347427442959
"1763",2018-12-19,6765.94,0.00955639077506198
"1764",2018-12-20,6711.93,-0.00801466242215909
"1765",2018-12-21,6721.17,0.00137570649474483
"1766",2018-12-24,6685.99,-0.00524795418881574
"1767",2018-12-27,6584.68,-0.0152685536120867
"1768",2018-12-28,6733.97,0.0224191270023812
"1769",2018-12-31,6728.13,-0.000867621005095742
"1770",2019-01-02,6734.23,0.000906230470357983
"1771",2019-01-03,6692.66,-0.00619207170418967
"1772",2019-01-04,6837.42,0.0213990640112591
"1773",2019-01-07,6810.88,-0.0038891339510787
"1774",2019-01-08,6861.6,0.00741931714831701
"1775",2019-01-09,6906.63,0.00654116913469593
"1776",2019-01-10,6942.87,0.0052334138725012
"1777",2019-01-11,6918.18,-0.00356250444412609
"1778",2019-01-14,6855.02,-0.0091714986687137
"1779",2019-01-15,6895.02,0.00581818130527267
"1780",2019-01-16,6862.68,-0.00470137589384656
"1781",2019-01-17,6834.92,-0.00405327035477043
"1782",2019-01-18,6968.33,0.0193308321407564
"1783",2019-01-21,6970.59,0.000324271897650164
"1784",2019-01-22,6901.39,-0.00997702909309872
"1785",2019-01-23,6842.88,-0.00851414494214353
"1786",2019-01-24,6818.95,-0.0035031945900581
"1787",2019-01-25,6809.22,-0.00142792490162158
"1788",2019-01-28,6747.1,-0.00916479321901598
"1789",2019-01-29,6833.93,0.0127871277999532
"1790",2019-01-30,6941.63,0.0156367065204908
"1791",2019-01-31,6968.85,0.00391360107521876
"1792",2019-02-01,7020.22,0.00734433824478309
"1793",2019-02-04,7034.13,0.00197945896351115
"1794",2019-02-05,7177.37,0.0201590051514984
"1795",2019-02-06,7173.09,-0.000596496575985483
"1796",2019-02-07,7093.58,-0.0111463744802194
"1797",2019-02-08,7071.18,-0.00316278125045599
"1798",2019-02-11,7129.11,0.0081590335641728
"1799",2019-02-12,7133.14,0.000565128238147139
"1800",2019-02-13,7190.84,0.00805646364938539
"1801",2019-02-14,7197.01,0.000857668154479185
"1802",2019-02-15,7236.68,0.00549687569676571
"1803",2019-02-18,7219.47,-0.00238099468122321
"1804",2019-02-19,7179.17,-0.00559776551580526
"1805",2019-02-20,7228.62,0.00686436909084698
"1806",2019-02-21,7167.39,-0.00850657497816698
"1807",2019-02-22,7178.6,0.00156280637050088
"1808",2019-02-25,7183.74,0.000715760832767032
"1809",2019-02-26,7151.12,-0.00455115101295078
"1810",2019-02-27,7107.2,-0.00616063307729853
"1811",2019-02-28,7074.73,-0.00457907446104855
"1812",2019-03-01,7106.73,0.00451294215278786
"1813",2019-03-04,7134.39,0.00388453082081774
"1814",2019-03-05,7183.43,0.00685023163713971
"1815",2019-03-06,7196,0.00174833122061813
"1816",2019-03-07,7157.55,-0.00535757244319512
"1817",2019-03-08,7104.31,-0.00746610151991867
"1818",2019-03-11,7130.62,0.00369654504227235
"1819",2019-03-12,7151.15,0.00287499576607964
"1820",2019-03-13,7159.19,0.00112366314789902
"1821",2019-03-14,7185.43,0.0036585185620801
"1822",2019-03-15,7228.28,0.00594574557634964
"1823",2019-03-18,7299.19,0.00976227287398856
"1824",2019-03-19,7324,0.00339324371842231
"1825",2019-03-20,7291.01,-0.00451454443494015
"1826",2019-03-21,7355.31,0.00878041898637072
"1827",2019-03-22,7207.59,-0.0202878639185204
"1828",2019-03-25,7177.58,-0.00417235855202769
"1829",2019-03-26,7196.29,0.00260333654986944
"1830",2019-03-27,7194.19,-0.00029185962037559
"1831",2019-03-28,7234.33,0.00556399458220014
"1832",2019-03-29,7279.19,0.00618184187722193
"1833",2019-04-01,7317.38,0.00523274812398711
"1834",2019-04-02,7391.12,0.010026939227556
"1835",2019-04-03,7418.28,0.00366794474461685
"1836",2019-04-04,7401.94,-0.00220509636443111
"1837",2019-04-05,7446.87,0.00605168186837624
"1838",2019-04-08,7451.89,0.000673881610278926
"1839",2019-04-09,7425.57,-0.00353824207340381
"1840",2019-04-10,7421.91,-0.000493012965719686
"1841",2019-04-11,7417.95,-0.000533697769924402
"1842",2019-04-12,7437.06,0.00257287077448254
"1843",2019-04-15,7436.87,-2.55480562323385e-05
"1844",2019-04-16,7469.92,0.00443422818104366
"1845",2019-04-17,7471.32,0.000187400778530744
"1846",2019-04-18,7459.88,-0.00153236206581653
"1847",2019-04-23,7523.07,0.00843497103800672
"1848",2019-04-24,7471.75,-0.00684505721072348
"1849",2019-04-25,7434.13,-0.00504768317965265
"1850",2019-04-26,7428.19,-0.000799336889027558
"1851",2019-04-29,7440.66,0.00167733253393898
"1852",2019-04-30,7418.22,-0.00302041837067968
"1853",2019-05-01,7385.26,-0.0044530143539987
"1854",2019-05-02,7351.31,-0.00460759322731796
"1855",2019-05-03,7380.64,0.00398182708360117
"1856",2019-05-07,7260.47,-0.0164157906862705
"1857",2019-05-08,7271,0.00144926863463724
"1858",2019-05-09,7207.41,-0.00878417020817857
"1859",2019-05-10,7203.29,-0.000571797360608528
"1860",2019-05-13,7163.68,-0.00551405068166488
"1861",2019-05-14,7241.6,0.0108183610396129
"1862",2019-05-15,7296.95,0.00761427617191224
"1863",2019-05-16,7353.51,0.00772129762496121
"1864",2019-05-17,7348.62,-0.000665209759446839
"1865",2019-05-20,7310.88,-0.00514889094134219
"1866",2019-05-21,7328.92,0.00246451578997053
"1867",2019-05-22,7334.19,0.000718810706175077
"1868",2019-05-23,7231.04,-0.0141641051334478
"1869",2019-05-24,7277.73,0.00643612948207739
"1870",2019-05-28,7268.95,-0.00120714844434389
"1871",2019-05-29,7185.3,-0.0115745796408238
"1872",2019-05-30,7218.16,0.0045628004673528
"1873",2019-05-31,7161.71,-0.00785129350651381
