"","date","ETHGBP","ETHGBPLOG"
"1",2015-08-06,1.7,NA
"2",2015-08-07,0.5,-1.22377543162212
"3",2015-08-08,0.5,0
"4",2015-08-09,0.5,0
"5",2015-08-10,0.5,0
"6",2015-08-11,0.5,0
"7",2015-08-12,1,0.693147180559945
"8",2015-08-13,1,0
"9",2015-08-14,1,0
"10",2015-08-15,0.5,-0.693147180559945
"11",2015-08-16,0.5,0
"12",2015-08-17,0.5,0
"13",2015-08-18,0.5,0
"14",2015-08-19,0.5,0
"15",2015-08-20,0.5,0
"16",2015-08-21,0.9,0.587786664902119
"17",2015-08-22,0.9,0
"18",2015-08-23,0.9,0
"19",2015-08-24,0.9,0
"20",2015-08-25,0.9,0
"21",2015-08-26,0.9,0
"22",2015-08-27,0.9,0
"23",2015-08-28,0.9,0
"24",2015-08-29,0.88,-0.0224728558520586
"25",2015-08-30,0.9,0.0224728558520586
"26",2015-08-31,0.9,0
"27",2015-09-01,0.9,0
"28",2015-09-02,0.9,0
"29",2015-09-03,0.9,0
"30",2015-09-04,0.9,0
"31",2015-09-05,0.9,0
"32",2015-09-06,0.9,0
"33",2015-09-07,0.9,0
"34",2015-09-08,0.9,0
"35",2015-09-09,0.75,-0.182321556793955
"36",2015-09-10,0.675,-0.105360515657826
"37",2015-09-11,0.75,0.105360515657826
"38",2015-09-12,0.75,0
"39",2015-09-13,0.75,0
"40",2015-09-14,0.6,-0.22314355131421
"41",2015-09-15,0.6,0
"42",2015-09-16,0.6,0
"43",2015-09-17,0.6,0
"44",2015-09-18,0.6,0
"45",2015-09-19,0.6,0
"46",2015-09-20,0.6,0
"47",2015-09-21,0.6,0
"48",2015-09-22,0.6,0
"49",2015-09-23,0.6,0
"50",2015-09-24,0.6,0
"51",2015-09-25,0.6,0
"52",2015-09-26,0.6,0
"53",2015-09-27,0.6,0
"54",2015-09-28,0.6,0
"55",2015-09-29,0.6,0
"56",2015-09-30,0.6,0
"57",2015-10-01,0.6,0
"58",2015-10-02,0.6,0
"59",2015-10-03,0.6,0
"60",2015-10-04,0.6,0
"61",2015-10-05,0.6,0
"62",2015-10-06,0.6,0
"63",2015-10-07,0.6,0
"64",2015-10-08,0.6,0
"65",2015-10-09,0.43,-0.333144446528538
"66",2015-10-10,0.43,0
"67",2015-10-11,0.45,0.0454623740767574
"68",2015-10-12,0.45,0
"69",2015-10-13,0.45,0
"70",2015-10-14,0.45,0
"71",2015-10-15,0.45,0
"72",2015-10-16,0.45,0
"73",2015-10-17,0.45,0
"74",2015-10-18,0.45,0
"75",2015-10-19,0.45,0
"76",2015-10-20,0.45,0
"77",2015-10-21,0.45,0
"78",2015-10-22,0.4,-0.117783035656383
"79",2015-10-23,0.4,0
"80",2015-10-24,0.4,0
"81",2015-10-26,0.4,0
"82",2015-10-27,0.5,0.22314355131421
"83",2015-10-28,0.5,0
"84",2015-10-29,1,0.693147180559945
"85",2015-10-30,1,0
"86",2015-10-31,0.6033,-0.505340693535421
"87",2015-11-01,0.5,-0.187806487024524
"88",2015-11-02,0.725,0.371563556432483
"89",2015-11-03,0.725,0
"90",2015-11-04,0.5,-0.371563556432483
"91",2015-11-05,0.5,0
"92",2015-11-06,0.5,0
"93",2015-11-07,0.5,0
"94",2015-11-08,0.5,0
"95",2015-11-09,0.5,0
"96",2015-11-10,0.5,0
"97",2015-11-11,0.6,0.182321556793955
"98",2015-11-12,0.6,0
"99",2015-11-13,0.6,0
"100",2015-11-14,0.6,0
"101",2015-11-15,0.6,0
"102",2015-11-16,0.6,0
"103",2015-11-17,0.6,0
"104",2015-11-18,0.749,0.221809328301073
"105",2015-11-19,0.749,0
"106",2015-11-20,0.749,0
"107",2015-11-21,0.749,0
"108",2015-11-22,0.749,0
"109",2015-11-23,0.749,0
"110",2015-11-24,0.749,0
"111",2015-11-25,0.749,0
"112",2015-11-26,0.749,0
"113",2015-11-27,0.749,0
"114",2015-11-28,0.749,0
"115",2015-11-29,0.749,0
"116",2015-11-30,0.749,0
"117",2015-12-01,0.749,0
"118",2015-12-02,0.74,-0.012088797319004
"119",2015-12-03,0.74,0
"120",2015-12-04,0.74,0
"121",2015-12-05,0.749,0.012088797319004
"122",2015-12-06,0.749,0
"123",2015-12-07,0.749,0
"124",2015-12-08,0.749,0
"125",2015-12-09,0.5,-0.404130885095028
"126",2015-12-10,0.5,0
"127",2015-12-11,0.5,0
"128",2015-12-12,0.5,0
"129",2015-12-13,0.5,0
"130",2015-12-14,0.5,0
"131",2015-12-15,0.5,0
"132",2015-12-16,0.5,0
"133",2015-12-17,0.5,0
"134",2015-12-18,0.5,0
"135",2015-12-19,0.5,0
"136",2015-12-20,0.5,0
"137",2015-12-21,0.5,0
"138",2015-12-22,0.5,0
"139",2015-12-23,0.749,0.404130885095028
"140",2015-12-24,0.749,0
"141",2015-12-25,0.749,0
"142",2015-12-26,0.749,0
"143",2015-12-27,0.749,0
"144",2015-12-28,0.749,0
"145",2015-12-29,0.749,0
"146",2015-12-30,0.749,0
"147",2015-12-31,0.749,0
"148",2016-01-01,0.749,0
"149",2016-01-02,0.749,0
"150",2016-01-03,0.749,0
"151",2016-01-04,0.749,0
"152",2016-01-05,0.749,0
"153",2016-01-06,0.749,0
"154",2016-01-07,0.749,0
"155",2016-01-08,0.749,0
"156",2016-01-09,0.749,0
"157",2016-01-10,0.749,0
"158",2016-01-11,0.749,0
"159",2016-01-12,0.749,0
"160",2016-01-13,0.75,0.00133422301313668
"161",2016-01-14,0.75,0
"162",2016-01-15,0.75,0
"163",2016-01-16,0.91,0.19337139298054
"164",2016-01-17,0.91,0
"165",2016-01-18,1.05,0.143100843640673
"166",2016-01-19,1.05,0
"167",2016-01-20,1.05,0
"168",2016-01-21,1.05,0
"169",2016-01-22,1.07,0.0188684843043828
"170",2016-01-23,1.27,0.171358251996685
"171",2016-01-24,1.4,0.097455336150713
"172",2016-01-25,1.4,0
"173",2016-01-26,2.05,0.381367556529104
"174",2016-01-27,1.6,-0.247836163904581
"175",2016-01-28,1.91,0.177099612812803
"176",2016-01-29,1.84,-0.0373376704376441
"177",2016-01-30,1.75,-0.0501497836854716
"178",2016-01-31,1.55,-0.121360857004267
"179",2016-02-01,1.55,0
"180",2016-02-02,1.55,0
"181",2016-02-03,1.55,0
"182",2016-02-04,1.95,0.2295744416445
"183",2016-02-05,1.95,0
"184",2016-02-06,1.95,0
"185",2016-02-07,2,0.0253178079842898
"186",2016-02-08,2,0
"187",2016-02-09,3,0.405465108108164
"188",2016-02-10,3.31,0.0983359007208617
"189",2016-02-11,4,0.189346171730919
"190",2016-02-12,4,0
"191",2016-02-13,3,-0.287682072451781
"192",2016-02-14,3.5,0.154150679827258
"193",2016-02-15,4.49,0.249089733258795
"194",2016-02-16,4.49,0
"195",2016-02-17,2.5,-0.585561969880008
"196",2016-02-18,2.5,0
"197",2016-02-19,3.9,0.444685821261446
"198",2016-02-20,3.5,-0.108213584640233
"199",2016-02-21,3,-0.154150679827258
"200",2016-02-22,3.9,0.262364264467491
"201",2016-02-23,4.4,0.120627987788615
"202",2016-02-24,4.3,-0.0229895182246989
"203",2016-02-25,4.25,-0.0116960397631913
"204",2016-02-26,4.2,-0.0118344576470026
"205",2016-02-27,4.7,0.11247798342669
"206",2016-02-28,4.7,0
"207",2016-02-29,4.25,-0.100643525779688
"208",2016-03-01,4.58,0.0747800151897682
"209",2016-03-02,6,0.270060471101961
"210",2016-03-03,6.75,0.117783035656384
"211",2016-03-04,6.79,0.00590843668616614
"212",2016-03-05,8.3,0.200804573231948
"213",2016-03-06,7,-0.170345365747239
"214",2016-03-07,6.5,-0.0741079721537219
"215",2016-03-08,6.81,0.0465899432598296
"216",2016-03-09,8.04,0.166036963029454
"217",2016-03-10,7.81,-0.02902411933928
"218",2016-03-11,7.91,0.0127228179279677
"219",2016-03-12,8.89,0.116799267746251
"220",2016-03-13,9.7,0.0871988359835236
"221",2016-03-14,8.91,-0.0849516440266189
"222",2016-03-15,9.28,0.0406873053153913
"223",2016-03-16,8.91,-0.0406873053153913
"224",2016-03-17,8,-0.107732699802882
"225",2016-03-18,7.1,-0.119346757632566
"226",2016-03-19,7.3,0.0277795641070757
"227",2016-03-20,8,0.0915671935254903
"228",2016-03-21,7.7,-0.0382212128201975
"229",2016-03-22,7.9,0.0256424306133378
"230",2016-03-23,8.7,0.0964602661875618
"231",2016-03-24,8,-0.0838814839807021
"232",2016-03-25,7.51,-0.0632060759037922
"233",2016-03-26,7.68,0.0223840813835374
"234",2016-03-27,7.25,-0.0576180782929976
"236",2016-03-28,8.2,0.123132685403624
"237",2016-03-29,8.37,0.0205197302311766
"238",2016-03-30,8,-0.0452123428215483
"239",2016-03-31,8.22,0.0271286673882529
"240",2016-04-01,8.2,-0.00243605479788123
"241",2016-04-02,8.07,-0.0159806719883502
"242",2016-04-03,7.78,-0.0365971440915569
"243",2016-04-04,7.33,-0.0595808222917402
"244",2016-04-05,7.21,-0.0165065646017024
"245",2016-04-06,7.25,0.00553251756972561
"246",2016-04-07,7,-0.0350913198112701
"247",2016-04-08,6.39,-0.0911758806658698
"248",2016-04-09,7,0.0911758806658698
"249",2016-04-10,6.2,-0.121360857004267
"250",2016-04-11,5.3,-0.15684247149297
"251",2016-04-12,6.49,0.202555710157923
"252",2016-04-13,6.49,0
"253",2016-04-14,5.59,-0.149283243548991
"254",2016-04-15,5.95,0.0624119323905306
"255",2016-04-16,6.5,0.088410957344053
"256",2016-04-17,6.23,-0.0424258441022296
"257",2016-04-18,6,-0.0376168635713068
"258",2016-04-19,5.8,-0.0339015516756813
"259",2016-04-20,5.6,-0.0350913198112701
"260",2016-04-21,5.56,-0.00716848947861259
"261",2016-04-22,5.7,0.0248680665780137
"262",2016-04-23,5.81,0.0191143960233151
"263",2016-04-24,5.08,-0.134269309273429
"264",2016-04-25,5.16,0.0156253179030807
"265",2016-04-26,5.3,0.0267702410646047
"266",2016-04-27,5.1,-0.038466280827796
"267",2016-04-28,5.33,0.0441106984474731
"268",2016-04-29,5.52,0.0350266221112507
"269",2016-04-30,5.52,0
"270",2016-05-01,7.1,0.251716923758266
"271",2016-05-02,6.5,-0.0882926071456784
"272",2016-05-03,6.53,0.00460476638674834
"273",2016-05-04,6.77,0.036094143635844
"274",2016-05-05,6.39,-0.0577668185347402
"275",2016-05-06,6.8,0.0621883437926176
"276",2016-05-07,6.51,-0.0435831559615831
"277",2016-05-08,6.5,-0.00153727931888659
"278",2016-05-09,6.49,-0.00153964618559277
"279",2016-05-10,6.9,0.0612588808872152
"280",2016-05-11,7,0.0143887374520995
"281",2016-05-12,7.15,0.0212022076506031
"282",2016-05-13,7.1,-0.00701757265864655
"283",2016-05-14,7,-0.0141846349919565
"284",2016-05-15,7.9,0.120952610417663
"285",2016-05-16,8.4,0.0613689463762919
"286",2016-05-17,8.8,0.0465200156348931
"287",2016-05-18,10,0.127833371509885
"288",2016-05-19,9.6,-0.0408219945202553
"289",2016-05-20,9.99,0.0398214941866715
"290",2016-05-21,10,0.00100050033358379
"291",2016-05-22,9.3,-0.0725706928348355
"292",2016-05-23,8.5,-0.0899482366629396
"293",2016-05-24,9.22,0.0813088740722319
"294",2016-05-25,9.5,0.0299167610379927
"295",2016-05-26,7.81,-0.195886834754901
"296",2016-05-27,8.18,0.046287186763061
"297",2016-05-28,8.75,0.0673615497548674
"298",2016-05-29,8.57,-0.0207859677598345
"299",2016-05-30,9.9,0.144267024530856
"300",2016-05-31,9.62,-0.0286904924629292
"301",2016-06-01,9.67,0.00518404478758772
"302",2016-06-02,9.5,-0.0177365108587075
"303",2016-06-03,9.4,-0.0105821093305369
"304",2016-06-04,9.48,0.00847462699097212
"305",2016-06-05,9.65,0.0177735990839643
"306",2016-06-06,10,0.0356271776431512
"307",2016-06-07,10.1,0.00995033085316788
"308",2016-06-08,10,-0.00995033085316788
"309",2016-06-09,10,0
"310",2016-06-10,9.78,-0.02224560894732
"311",2016-06-11,11.2,0.135574294254323
"312",2016-06-12,12.27,0.0912434804217712
"313",2016-06-13,13.38,0.0866037959772625
"314",2016-06-14,13.04,-0.0257394982015757
"315",2016-06-15,14.55,0.109569437118995
"316",2016-06-16,10.59,-0.317680834004186
"317",2016-06-17,8.34,-0.23884694324266
"318",2016-06-18,8.8,0.0536885051135054
"319",2016-06-19,8.12,-0.0804215673105744
"320",2016-06-20,8.7,0.0689928714869512
"321",2016-06-21,8.85,0.0170944333593002
"322",2016-06-22,8.5,-0.0403512955235672
"323",2016-06-23,10.09,0.171478670869247
"324",2016-06-24,10.1,0.000990589481696169
"325",2016-06-25,10.3,0.0196084713883762
"326",2016-06-26,10.6,0.0287101058824315
"327",2016-06-27,9.28,-0.132992454319912
"328",2016-06-28,9.99,0.0737230458623528
"329",2016-06-29,9.3,-0.0715701925012517
"330",2016-06-30,9.28,-0.00215285336110105
"331",2016-07-01,9.09,-0.0206866386087219
"332",2016-07-02,9.37,0.0303381880609432
"333",2016-07-03,8.9,-0.0514618195122365
"334",2016-07-04,8.23,-0.0782652620491158
"335",2016-07-05,8.3,0.00846950011357395
"336",2016-07-06,8.14,-0.0194653347881033
"337",2016-07-07,9,0.100434397321771
"338",2016-07-08,9.19,0.020891359031376
"339",2016-07-09,8.6,-0.0663537331081336
"340",2016-07-10,8.25,-0.0415490029128724
"341",2016-07-11,8.23,-0.00242718565761102
"342",2016-07-12,8.39,0.0192545057901365
"343",2016-07-13,9,0.0701840568571046
"344",2016-07-14,9.88,0.0932879344235569
"345",2016-07-15,9.14,-0.0778521262937177
"346",2016-07-16,8.5,-0.0725942219697879
"347",2016-07-17,8.5,0
"348",2016-07-18,9,0.0571584138399488
"349",2016-07-19,9.96,0.101352494260287
"350",2016-07-20,9.38,-0.0599973085783736
"351",2016-07-21,11.59,0.211562894333527
"352",2016-07-22,10.78,-0.0724500918708091
"353",2016-07-23,9.94,-0.0811255448123687
"354",2016-07-24,10.5,0.0548082364949951
"355",2016-07-25,9.5,-0.100083458556982
"356",2016-07-26,9.8,0.0310905870700311
"357",2016-07-27,10.1,0.0301530381706874
"358",2016-07-28,9.96,-0.013958352250707
"359",2016-07-29,9.6,-0.0368139731227162
"360",2016-07-30,9.43,-0.0178670018284244
"361",2016-07-31,8.65,-0.0863367757015783
"362",2016-08-01,6.5,-0.285757144042197
"363",2016-08-02,7.75,0.175890666463664
"364",2016-08-03,8.53,0.095896518138332
"365",2016-08-04,8.58,0.00584455199628353
"366",2016-08-05,8.2,-0.0452997592296636
"367",2016-08-06,8.5,0.0359320092260633
"368",2016-08-07,9.01,0.0582689081239756
"369",2016-08-08,9.6,0.0634280268535443
"370",2016-08-09,9.5,-0.0104712998672953
"371",2016-08-10,9.08,-0.0452176059932934
"372",2016-08-11,9.98,0.0945088977101709
"373",2016-08-12,9.27,-0.0737997107456092
"374",2016-08-13,8.8,-0.0520316580936027
"375",2016-08-14,8.25,-0.0645385211375715
"376",2016-08-15,8.87,0.0724615959748984
"377",2016-08-16,8.73,-0.0159094264699768
"378",2016-08-17,8.42,-0.0361555415972759
"379",2016-08-18,8.4,-0.00237812240496726
"380",2016-08-19,8.42,0.00237812240496726
"381",2016-08-20,8.18,-0.0289176776395794
"382",2016-08-21,8.64,0.0547104322013086
"383",2016-08-22,8.6,-0.00464037955650243
"384",2016-08-23,8.6,0
"385",2016-08-24,8.95,0.0398913290273022
"386",2016-08-25,8.47,-0.0551230236228011
"387",2016-08-26,8.51,0.00471143392131967
"388",2016-08-27,8.49,-0.00235294226202676
"389",2016-08-28,8.79,0.0347257113738295
"390",2016-08-29,8.61,-0.0206903932574463
"391",2016-08-30,8.94,0.0376112707457836
"392",2016-08-31,9.3,0.0394788109737876
"393",2016-09-01,9.53,0.0244303175069005
"394",2016-09-02,8.89,-0.0695176681402976
"395",2016-09-03,8.8,-0.0101753280416523
"396",2016-09-04,8.86,0.00679504313282875
"397",2016-09-05,8.75,-0.0124930642474665
"398",2016-09-06,8.69,-0.00688076109222235
"399",2016-09-07,9.02,0.0372713947972314
"400",2016-09-08,9.98,0.101138756248841
"401",2016-09-09,9,-0.103358512987153
"402",2016-09-10,8.99,-0.00111172885269051
"403",2016-09-11,9.33,0.0371221663757235
"404",2016-09-12,9.2,-0.014031530804258
"405",2016-09-13,9.03,-0.0186511166261005
"406",2016-09-14,9.03,0
"407",2016-09-15,9.01,-0.00221729580864771
"408",2016-09-16,9.5,0.052956726986249
"409",2016-09-17,9.74,0.0249493190479484
"410",2016-09-18,9.95,0.0213314335160577
"411",2016-09-19,11.1,0.109372557147787
"412",2016-09-20,10.57,-0.0489253084361421
"413",2016-09-21,10.67,0.00941626543151575
"414",2016-09-22,10.35,-0.0304495456022842
"415",2016-09-23,10.28,-0.00678625968435886
"416",2016-09-24,10.46,0.0173581986097577
"417",2016-09-25,10.15,-0.0300847531489805
"418",2016-09-26,10.44,0.0281708769666964
"419",2016-09-27,10.16,-0.0271861403041567
"420",2016-09-28,10.1,-0.00592301830312225
"421",2016-09-29,10.3,0.0196084713883762
"422",2016-09-30,10.17,-0.0127016851751214
"423",2016-10-01,10.2,0.00294551022975664
"424",2016-10-02,10.78,0.055304845190626
"425",2016-10-03,10.4,-0.0358867593335241
"426",2016-10-04,10.21,-0.0184381739707526
"427",2016-10-05,10.06,-0.0148004675049811
"428",2016-10-06,10.22,0.0157794201039652
"429",2016-10-07,9.62,-0.0605023200979433
"430",2016-10-08,9.72,0.0103413537947326
"431",2016-10-09,9.5,-0.0228938198658524
"432",2016-10-10,9.7,0.0208340869028416
"433",2016-10-11,9.67,-0.00309757604413408
"434",2016-10-12,9.83,0.0164106246938722
"435",2016-10-13,9.7,-0.0133130486497381
"436",2016-10-14,9.71,0.00103039679389649
"437",2016-10-15,9.78,0.00718320174349252
"438",2016-10-16,9.71,-0.00718320174349252
"439",2016-10-17,10.02,0.0314268133534852
"440",2016-10-18,10.16,0.0138753464936174
"441",2016-10-19,10.18,0.00196656897204051
"442",2016-10-20,10.16,-0.00196656897204051
"443",2016-10-21,9.97,-0.0188778581765892
"444",2016-10-22,10.2,0.0228071363164783
"445",2016-10-23,10,-0.0198026272961793
"446",2016-10-24,9.4,-0.0618754037180875
"447",2016-10-25,9.44,0.00424629088145068
"448",2016-10-26,9.54,0.0105375053027861
"449",2016-10-27,9.1,-0.0472190719373908
"450",2016-10-28,8.88,-0.0244728565187255
"451",2016-10-29,9.94,0.112765463664404
"452",2016-10-31,9.42,-0.0537319320802108
"453",2016-11-01,8.6,-0.0910728853288099
"454",2016-11-02,8.7,0.0115608224010759
"455",2016-11-03,8.7,0
"456",2016-11-04,9.48,0.0858612906063927
"457",2016-11-05,9.26,-0.0234802676088424
"458",2016-11-06,8.82,-0.0486821786393881
"459",2016-11-07,8.85,0.0033955890011379
"460",2016-11-08,9.45,0.0655972824858133
"461",2016-11-09,9.05,-0.0432499837938165
"462",2016-11-10,8.41,-0.0733432837269783
"463",2016-11-11,8.63,0.0258230311104803
"464",2016-11-12,8,-0.0758029634155011
"465",2016-11-13,8.22,0.0271286673882529
"466",2016-11-14,8.22,0
"467",2016-11-15,8.01,-0.0258794479878208
"468",2016-11-16,8.02,0.00124766079815508
"469",2016-11-17,8.34,0.0391247944922326
"470",2016-11-18,7.7,-0.0798428875110173
"471",2016-11-19,7.98,0.0357180826020791
"472",2016-11-20,8.18,0.0247537391529384
"473",2016-11-21,7.7,-0.0604718217550175
"474",2016-11-22,8.18,0.0604718217550175
"475",2016-11-23,8,-0.02225060893482
"476",2016-11-24,7.4,-0.0779615414697115
"477",2016-11-25,7.91,0.0666477815694382
"478",2016-11-26,7.4,-0.0666477815694382
"479",2016-11-27,7.1,-0.0413852161628545
"480",2016-11-28,7,-0.0141846349919565
"481",2016-11-29,6.89,-0.0158390640297461
"482",2016-11-30,7,0.0158390640297461
"483",2016-12-01,6.51,-0.0725706928348353
"484",2016-12-02,6.1,-0.0650506850412125
"485",2016-12-03,6.52,0.0665856047592961
"486",2016-12-04,6,-0.0831149067105066
"487",2016-12-05,5.42,-0.1016636537765
"488",2016-12-06,6.43,0.170878722797973
"489",2016-12-07,6.99,0.0835060179961911
"490",2016-12-08,7,0.0014295928095942
"491",2016-12-09,7,0
"492",2016-12-10,6.49,-0.0756476183393147
"493",2016-12-11,6.6,0.0168071183163812
"494",2016-12-12,6.93,0.0487901641694322
"495",2016-12-13,6.66,-0.0397403286495142
"496",2016-12-14,6.68,0.00299850299625648
"497",2016-12-15,6.3,-0.0585683541510673
"498",2016-12-16,6.5,0.0312525435041044
"499",2016-12-17,6.25,-0.0392207131532811
"500",2016-12-18,6.4,0.023716526617316
"501",2016-12-19,6.44,0.00623054975063608
"502",2016-12-20,6.46,0.00310077767824812
"503",2016-12-21,6.46,0
"504",2016-12-22,6.46,0
"505",2016-12-23,6.46,0
"506",2016-12-24,6.2,-0.0410800257434645
"507",2016-12-25,5.78,-0.0701456093667598
"508",2016-12-26,5.78,0
"509",2016-12-27,5.77,-0.00173160216427792
"510",2016-12-28,6.13,0.0605226694281118
"511",2016-12-29,6.7,0.0889127764488005
"512",2016-12-30,6.5,-0.0303053494953291
"513",2016-12-31,6.8,0.0451204352804697
"514",2017-01-01,6.61,-0.0283389583184661
"515",2017-01-02,6.75,0.0209588510208436
"516",2017-01-03,7.82,0.147142049672781
"517",2017-01-04,8.52,0.0857317862840046
"518",2017-01-05,8.49,-0.00352734051796855
"519",2017-01-06,8.69,0.0232839389540449
"520",2017-01-07,7.9,-0.0953101798043248
"521",2017-01-08,8.59,0.083735976523188
"522",2017-01-09,8.41,-0.0211772620113075
"523",2017-01-10,8.9,0.0566298027532377
"524",2017-01-11,8.37,-0.0613973922367101
"525",2017-01-12,8.3,-0.00839836969883168
"526",2017-01-13,7.95,-0.0430835861363117
"527",2017-01-14,8.35,0.0490896101965235
"528",2017-01-15,8.03,-0.0390770109040939
"529",2017-01-16,8.3,0.0330709868438821
"530",2017-01-17,8.77,0.0550812915815393
"531",2017-01-18,8.3,-0.0550812915815393
"532",2017-01-19,8.34,0.00480770156810317
"533",2017-01-20,8.7,0.0422598092898823
"534",2017-01-21,8.85,0.0170944333593002
"535",2017-01-22,8.65,-0.02285813807605
"536",2017-01-23,8.53,-0.0139699594402005
"537",2017-01-24,8.69,0.0185835777737133
"538",2017-01-25,8.62,-0.00808785460169936
"539",2017-01-26,8.3,-0.0378295698730491
"540",2017-01-27,8.65,0.0413038061412356
"541",2017-01-28,8.53,-0.0139699594402005
"542",2017-01-29,8.38,-0.0177414470095956
"543",2017-01-30,8.68,0.0351736141782668
"544",2017-01-31,8.36,-0.0375631015756483
"545",2017-02-01,8.35,-0.00119688823384623
"546",2017-02-02,8.71,0.0422102520016474
"547",2017-02-03,8.72,0.00114744705647674
"548",2017-02-04,9.12,0.0448505661653518
"549",2017-02-05,8.95,-0.018816271799476
"550",2017-02-06,9.26,0.0340505163713241
"551",2017-02-07,9.37,0.0118090475922425
"552",2017-02-08,8.66,-0.078798373675987
"553",2017-02-09,9,0.0385098547618759
"554",2017-02-10,9,0
"555",2017-02-11,9.1,0.0110498361865847
"556",2017-02-12,8.97,-0.0143887374520997
"557",2017-02-13,8.97,0
"558",2017-02-14,10.13,0.121615642189887
"559",2017-02-15,10.75,0.0594044363130797
"560",2017-02-16,10,-0.0723206615796257
"561",2017-02-17,10.1,0.00995033085316788
"562",2017-02-18,10.32,0.021548336206203
"563",2017-02-19,10.16,-0.0156253179030807
"564",2017-02-20,10.25,0.00881926343408113
"565",2017-02-21,10.04,-0.0207005913208342
"566",2017-02-22,10.2,0.0158106060266423
"567",2017-02-23,10.2,0
"568",2017-02-24,10.55,0.0337381396318501
"569",2017-02-25,11,0.0417694128762953
"570",2017-02-26,11.8,0.0702042586732485
"571",2017-02-27,12.57,0.0632134911305369
"572",2017-02-28,12.62,0.00396983451091115
"573",2017-03-01,14,0.103774472502191
"574",2017-03-02,14.9,0.0623038833361549
"575",2017-03-03,16,0.0712275092883679
"576",2017-03-04,15,-0.0645385211375711
"577",2017-03-05,14.82,-0.012072581234269
"578",2017-03-06,16,0.0766111023718401
"579",2017-03-07,15,-0.0645385211375711
"580",2017-03-08,13.79,-0.0841065092969995
"581",2017-03-09,14.06,0.0193901945773085
"582",2017-03-10,16,0.129254835857262
"583",2017-03-11,16.77,0.0470028535953362
"584",2017-03-12,19.42,0.146711887028061
"585",2017-03-13,24.41,0.22868942154169
"586",2017-03-14,23.98,-0.0177727348055003
"587",2017-03-15,29,0.190075680387106
"588",2017-03-16,34.130001,0.162880962231877
"589",2017-03-17,36.5,0.0671354683700947
"590",2017-03-18,26.549999,-0.318282550565282
"591",2017-03-19,33,0.217477851443316
"592",2017-03-20,33,0
"593",2017-03-21,34,0.0298529631496813
"594",2017-03-22,31.299999,-0.0827424590189363
"595",2017-03-23,34.5,0.097341258440089
"596",2017-03-24,40.5,0.160342650075179
"597",2017-03-25,40.5,0
"598",2017-03-26,39,-0.037740327982847
"600",2017-03-27,39,0
"601",2017-03-28,40.709999,0.0429120918212518
"602",2017-03-29,40.5,-0.00517176383840479
"603",2017-03-30,37,-0.0903840614682689
"604",2017-03-31,40.169998,0.0822024859385659
"605",2017-04-01,41.52,0.033054840274843
"606",2017-04-02,34.5,-0.185215914820319
"607",2017-04-03,32.66,-0.0548082364949956
"608",2017-04-04,35.25,0.0763144417159589
"609",2017-04-05,33.689999,-0.0452645015222148
"610",2017-04-06,34,0.00915949688009876
"611",2017-04-07,36.950001,0.0832051498416484
"612",2017-04-08,36.75,-0.00542744879896429
"613",2017-04-09,35,-0.0487901641694322
"614",2017-04-10,35.490002,0.0139029615228923
"615",2017-04-11,35.470001,-0.000563726033936618
"616",2017-04-12,40.5,0.132614677134124
"617",2017-04-13,37.450001,-0.0782952374469956
"618",2017-04-14,37.560001,0.00293294429863211
"619",2017-04-15,39.049999,0.0389031697133704
"620",2017-04-16,39.990002,0.0237866221937288
"621",2017-04-17,39.439999,-0.0138489684917644
"622",2017-04-18,37,-0.0638625917352402
"623",2017-04-19,38.889999,0.0498192098098804
"624",2017-04-20,36.09,-0.0747213037994077
"625",2017-04-21,37.099998,0.0276010970503351
"626",2017-04-22,37.950001,0.0226526144870673
"627",2017-04-23,38.130001,0.00473186990344132
"628",2017-04-24,37.799999,-0.00869232392502584
"629",2017-04-25,40.419998,0.0670155863245037
"630",2017-04-26,48,0.171876348412872
"631",2017-04-27,53.5,0.10848064299407
"632",2017-04-28,52.380001,-0.0211567957311392
"633",2017-04-29,57.950001,0.101055728871195
"634",2017-04-30,58.43,0.00824886952432902
"635",2017-05-01,57,-0.024778188731795
"636",2017-05-02,61.560001,0.0769610573804425
"637",2017-05-03,70.5,0.13560038460323
"638",2017-05-04,70,-0.00711746776886368
"639",2017-05-05,71.489998,0.0210623097534599
"640",2017-05-06,68,-0.0500498466267123
"641",2017-05-07,67,-0.0148150857851412
"642",2017-05-08,68.900002,0.027963587656223
"643",2017-05-09,70.849998,0.0279087308608483
"644",2017-05-10,69.940002,-0.0129271776768682
"645",2017-05-11,66.699997,-0.0474328522871028
"646",2017-05-12,68.440002,0.0257525703026031
"647",2017-05-13,70.720001,0.0327709542229906
"648",2017-05-14,72.940002,0.0309087803306713
"649",2017-05-15,72.440002,-0.00687855217606259
"650",2017-05-16,67.849998,-0.0654593038201776
"651",2017-05-17,73.93,0.0858193427649176
"652",2017-05-18,93.970001,0.239856893467659
"653",2017-05-19,94.580002,0.00647046532518125
"654",2017-05-20,107.449997,0.127579536806707
"655",2017-05-21,119.830002,0.109048493216179
"656",2017-05-22,128.449997,0.0694656118157653
"657",2017-05-23,147.449997,0.137949414714904
"658",2017-05-24,120,-0.20599737213336
"659",2017-05-25,125.709999,0.0464859161898774
"660",2017-05-26,120.900002,-0.039013884808579
"661",2017-05-27,133,0.0953853540584095
"662",2017-05-28,149.820007,0.119085492020716
"663",2017-05-29,175.110001,0.155979733352036
"664",2017-05-30,177.869995,0.0156385646824617
"665",2017-05-31,172,-0.0335584414635148
"666",2017-06-01,174.029999,0.011733215586494
"667",2017-06-02,173.949997,-0.000459808048330679
"668",2017-06-03,185.779999,0.0657952882250479
"669",2017-06-04,191.479996,0.0302201710577341
"670",2017-06-05,200,0.0435340229136383
"671",2017-06-06,199.949997,-0.000250046258959635
"672",2017-06-07,204.600006,0.0229895625539625
"673",2017-06-08,225,0.095043519361381
"674",2017-06-09,244.949997,0.0849536936327659
"675",2017-06-10,254,0.0362801711813505
"676",2017-06-11,299.950012,0.166281567087233
"677",2017-06-12,304.950012,0.0165320339874082
"678",2017-06-13,266.100006,-0.13627566756162
"679",2017-06-14,273,0.0255995946534018
"680",2017-06-15,276.980011,0.0144735459436696
"681",2017-06-16,284.950012,0.02836842726503
"682",2017-06-17,284.98999,0.000140288451153658
"683",2017-06-18,276.01001,-0.032016923669393
"684",2017-06-19,278.190002,0.00786720749415526
"685",2017-06-20,253.970001,-0.091088186925349
"686",2017-06-21,252.960007,-0.0039847526107053
"687",2017-06-22,256.779999,0.0149882821350324
"688",2017-06-23,241,-0.0634227497778985
"689",2017-06-24,216,-0.109518525806489
"690",2017-06-25,198.830002,-0.0828282093553314
"691",2017-06-26,220,0.101177348023528
"692",2017-06-27,247.25,0.11677242415046
"693",2017-06-28,227.949997,-0.0812736770041527
"694",2017-06-29,210.5,-0.0796406403762333
"695",2017-06-30,199.369995,-0.0543232833466991
"696",2017-07-01,220.259995,0.0996462742606159
"697",2017-07-02,214.960007,-0.024356647164919
"698",2017-07-03,210.75,-0.0197793999894689
"699",2017-07-04,209,-0.00833834491715368
"700",2017-07-05,203.839996,-0.0249988992042462
"701",2017-07-06,186.050003,-0.0913198818432353
"702",2017-07-07,192.380005,0.0334571377973676
"703",2017-07-08,185,-0.0391167836363726
"704",2017-07-09,160.240005,-0.143683102517567
"705",2017-07-10,149.610001,-0.0686408076505716
"706",2017-07-11,172.720001,0.143639877086083
"707",2017-07-12,159.240005,-0.0812592624650073
"708",2017-07-13,151.5,-0.0498269045818382
"709",2017-07-14,131,-0.145388301748272
"710",2017-07-15,116.620003,-0.116276511682566
"711",2017-07-16,144.639999,0.215327078211564
"712",2017-07-17,174.220001,0.186070984400466
"713",2017-07-18,145,-0.183585131710041
"714",2017-07-19,181,0.221763288845252
"715",2017-07-20,170.369995,-0.0605245180562655
"716",2017-07-21,182.300003,0.0676811849314474
"717",2017-07-22,178.399994,-0.0216255116273869
"718",2017-07-23,176.309998,-0.0117843885646085
"719",2017-07-24,155,-0.128818681029766
"720",2017-07-25,158,0.0191699161077201
"721",2017-07-26,159.800003,0.0113280190786744
"722",2017-07-27,149.449997,-0.0669611834492976
"723",2017-07-28,157.759995,0.0541129905042688
"724",2017-07-29,151,-0.0437950223456882
"725",2017-07-30,156.100006,0.0332170291433611
"726",2017-07-31,174.809998,0.113202792423814
"727",2017-08-01,165.5,-0.0547284635649818
"728",2017-08-02,176.490005,0.0642930510575734
"729",2017-08-03,169.009995,-0.0433063906886026
"730",2017-08-04,205,0.19305212395232
"731",2017-08-05,205,0
"732",2017-08-06,214.199997,0.0439001648696378
"733",2017-08-07,227.009995,0.0580839033410321
"734",2017-08-08,233.309998,0.0273739854535977
"735",2017-08-09,237,0.0156921083324555
"736",2017-08-10,241.800003,0.0200508094525089
"737",2017-08-11,243.630005,0.00753975089771242
"738",2017-08-12,225.009995,-0.0795058780453486
"739",2017-08-13,240,0.064494099901987
"740",2017-08-14,226.229996,-0.0590867601404472
"741",2017-08-15,233,0.0294862903641562
"742",2017-08-16,237.25,0.0180759839243372
"743",2017-08-17,230.399994,-0.0292975347099684
"744",2017-08-18,230,-0.00173759385687333
"745",2017-08-19,232.449997,0.0105958263073971
"746",2017-08-20,256.299988,0.0976734513192987
"747",2017-08-21,245,-0.045090376005164
"748",2017-08-22,245,0
"749",2017-08-23,245,0
"750",2017-08-24,245,0
"751",2017-08-25,245,0
"752",2017-08-26,245,0
"753",2017-08-27,245,0
"754",2017-08-28,245,0
"755",2017-08-29,245,0
"756",2017-08-30,245,0
"757",2017-08-31,245,0
"758",2017-09-01,245,0
"759",2017-09-02,245,0
"760",2017-09-03,245,0
"761",2017-09-04,245,0
"762",2017-09-05,245,0
"763",2017-09-06,245,0
"764",2017-09-07,245,0
"765",2017-09-08,245,0
"766",2017-09-09,245,0
"767",2017-09-10,245,0
"768",2017-09-11,233,-0.0502197569790273
"769",2017-09-12,211,-0.0991803200896335
"770",2017-09-13,160,-0.27668431824224
"771",2017-09-14,186.009995,0.150626593594757
"772",2017-09-15,219.990005,0.16778170467354
"773",2017-09-16,225,0.0225182887022966
"774",2017-09-17,222,-0.0134230203321408
"775",2017-09-18,206.5,-0.0723769694711915
"776",2017-09-19,217.5,0.051898438127651
"777",2017-09-20,185.009995,-0.161788999882794
"778",2017-09-21,212.759995,0.139754895727513
"779",2017-09-22,200,-0.061847379825422
"780",2017-09-23,203.289993,0.0163161300513677
"781",2017-09-24,228,0.114712132355037
"782",2017-09-25,217,-0.0494482754139813
"783",2017-09-26,220,0.0137301928119022
"784",2017-09-27,225,0.0224728558520582
"785",2017-09-28,220.990005,-0.0179829279537485
"786",2017-09-29,223,0.00905429720944717
"787",2017-09-30,219,-0.0181000416436179
"788",2017-10-01,222.5,0.0158553717897938
"789",2017-10-02,218,-0.0204320388172059
"790",2017-10-03,209.779999,-0.0384357050225299
"791",2017-10-04,209.979996,0.000952911270802659
"792",2017-10-05,218,0.0374827937517273
"793",2017-10-06,218,0
"794",2017-10-07,229,0.0492269407651511
"795",2017-10-08,208,-0.0961839238529221
"796",2017-10-09,230.339996,0.10201838117381
"797",2017-10-10,208.990005,-0.0972700330203784
"798",2017-10-11,235.220001,0.11823482281948
"799",2017-10-12,239.809998,0.0193256841276161
"800",2017-10-13,219.029999,-0.0906382326313269
"801",2017-10-14,235.050003,0.0705895680628625
"802",2017-10-15,235.009995,-0.000170225078785613
"803",2017-10-16,216.259995,-0.0831466807575234
"804",2017-10-17,235.850006,0.0867146707730964
"805",2017-10-18,231.809998,-0.0172779731843224
"806",2017-10-19,231.630005,-0.000776769410862244
"807",2017-10-20,230.960007,-0.00289672691202636
"808",2017-10-21,226.940002,-0.0175588914872122
"809",2017-10-22,221.080002,-0.0261610381641848
"810",2017-10-23,234.300003,0.0580777223062867
"811",2017-10-24,223.470001,-0.0473251769866794
"812",2017-10-25,227.25,0.0167735517264198
"813",2017-10-26,233.300003,0.0262744588287758
"814",2017-10-27,225.580002,-0.0336503198085589
"815",2017-10-28,235.330002,0.042313920839768
"816",2017-10-30,229.619995,-0.0245630460270139
"817",2017-10-31,231.630005,0.00871554568442523
"818",2017-11-01,222.399994,-0.0406637571769748
"819",2017-11-02,221.619995,-0.00351335445097067
"820",2017-11-03,234.460007,0.0563208465524818
"821",2017-11-04,230.990005,-0.0149105863120997
"822",2017-11-05,224.460007,-0.0286768924133538
"823",2017-11-06,227.899994,0.0152093611502346
"824",2017-11-07,222.990005,-0.0217799600964597
"825",2017-11-08,236.080002,0.0570437892785467
"826",2017-11-09,246.360001,0.0426231457715547
"827",2017-11-10,229.759995,-0.0697586207799228
"828",2017-11-11,235.779999,0.0258638985247188
"829",2017-11-12,235.110001,-0.00284566863652813
"830",2017-11-13,232.770004,-0.0100026352278988
"831",2017-11-14,245.850006,0.0546707595047611
"832",2017-11-15,252.399994,0.0262934886321933
"833",2017-11-16,243.539993,-0.0357339355591177
"834",2017-11-17,232.839996,-0.0449296661117931
"835",2017-11-18,261.170013,0.114820080840031
"836",2017-11-19,234.830002,-0.106309729441864
"837",2017-11-20,270.850006,0.142703327633868
"838",2017-11-21,280.609985,0.0354005672407256
"839",2017-11-22,284.779999,0.0147511973442498
"840",2017-11-23,302.779999,0.061289517039639
"841",2017-11-24,353.200012,0.154028036823885
"842",2017-11-25,328.609985,-0.0721629110752504
"843",2017-11-26,350.339996,0.064032508476382
"844",2017-11-27,310.309998,-0.121332308738913
"845",2017-11-28,273.929993,-0.124699217624723
"846",2017-11-29,340.529999,0.217630650756374
"847",2017-11-30,225.369995,-0.412759750653923
"848",2017-12-01,282.170013,0.224766298411069
"849",2017-12-02,314.160004,0.107392650746216
"850",2017-12-03,355.230011,0.122863074974708
"851",2017-12-04,280.369995,-0.236655356388075
"852",2017-12-05,348.309998,0.216982740510466
"853",2017-12-06,271.660004,-0.248541582980587
"854",2017-12-07,343.190002,0.233732936369207
"855",2017-12-08,246.240005,-0.331977545091877
"856",2017-12-09,343.329987,0.332385355510169
"857",2017-12-10,310.029999,-0.102022982141206
"858",2017-12-11,351.769989,0.126308457907074
"859",2017-12-12,442.109985,0.228581164293073
"860",2017-12-13,457.649994,0.0345460007552605
"861",2017-12-14,444.73999,-0.0286148674540945
"862",2017-12-15,521.640015,0.159487904277926
"863",2017-12-16,375.23999,-0.329411928936025
"864",2017-12-17,518.690002,0.323740611452594
"865",2017-12-18,600.26001,0.14605650528642
"866",2017-12-19,634.340027,0.0552222195110765
"867",2017-12-20,619.349976,-0.0239146286083241
"868",2017-12-21,589.830017,-0.0488361136405322
"869",2017-12-22,572.570007,-0.029699377687499
"870",2017-12-23,539.150024,-0.0601411410792796
"871",2017-12-24,497.899994,-0.0795946282450704
"872",2017-12-25,593.320007,0.175334652655906
"873",2017-12-26,576.280029,-0.0291401902373991
"874",2017-12-27,600.169983,0.0406192160768324
"875",2017-12-28,533.119995,-0.118466389933191
"876",2017-12-29,479.98999,-0.104981280641853
"877",2017-12-30,576.280029,0.182828454498212
"878",2017-12-31,452.070007,-0.24275665343353
"879",2018-01-01,532.98999,0.164665592919184
"880",2018-01-02,646.130005,0.192498086163662
"881",2018-01-03,607.679993,-0.0613523135606462
"882",2018-01-04,625.059998,0.0281992258243031
"883",2018-01-05,786.820007,0.230151872579841
"884",2018-01-06,797.52002,0.013507423283345
"885",2018-01-07,877.97998,0.0961168537606385
"886",2018-01-08,940.710022,0.0690111411367971
"887",2018-01-09,1069.280029,0.128105898194188
"888",2018-01-10,1007.900024,-0.0591165697110947
"889",2018-01-11,902,-0.111009741110094
"890",2018-01-12,1008.179993,0.111287477112077
"891",2018-01-13,1073,0.0623117454559976
"892",2018-01-14,1049.859985,-0.0218016559897611
"893",2018-01-15,974.869995,-0.0741079629949919
"894",2018-01-16,788.400024,-0.212298517925981
"895",2018-01-17,797.109985,0.0109870622945945
"896",2018-01-18,779.909973,-0.0218141742230031
"897",2018-01-19,785.909973,0.00766375390971508
"898",2018-01-20,877.929993,0.110724608130726
"899",2018-01-21,786.789978,-0.109605507069799
"900",2018-01-22,737.309998,-0.0649529235709974
"901",2018-01-23,658.030029,-0.113757858129094
"902",2018-01-24,732.23999,0.106857748357693
"903",2018-01-25,753.830017,0.0290585855278067
"904",2018-01-26,686.460022,-0.0936189119582185
"905",2018-01-27,777.75,0.124857146788359
"906",2018-01-28,848.380005,0.0869235187425499
"907",2018-01-29,875.369995,0.0313179938894184
"908",2018-01-30,761.049988,-0.139947605451729
"909",2018-01-31,780.02002,0.0246205430629347
"910",2018-02-01,730.039978,-0.0662202889944359
"911",2018-02-02,663.039978,-0.096264010015978
"912",2018-02-03,661.830017,-0.00182653594837134
"913",2018-02-04,590.169983,-0.114598148877498
"914",2018-02-05,455.950012,-0.258027421486288
"915",2018-02-06,583.799988,0.247175257166679
"916",2018-02-07,585.969971,0.0037101063716598
"917",2018-02-08,600.940002,0.0252265550322823
"918",2018-02-09,613.169983,0.02014709512805
"919",2018-02-10,634.900024,0.0348253495806103
"920",2018-02-11,600.349976,-0.055954765477586
"921",2018-02-12,603.559998,0.00533267383173275
"922",2018-02-13,594.380005,-0.0153265984576922
"923",2018-02-14,645.26001,0.082134497971218
"924",2018-02-15,646.369995,0.00171873565796599
"925",2018-02-16,655.23999,0.0136294779715769
"926",2018-02-17,703.369995,0.0708814965610811
"927",2018-02-18,662.700012,-0.059560644834006
"928",2018-02-19,679.469971,0.0249906226239309
"929",2018-02-20,640.830017,-0.0585488021600638
"930",2018-02-21,587.460022,-0.0869560416223969
"931",2018-02-22,582.349976,-0.00873659570706131
"932",2018-02-23,618.599976,0.0603872211173533
"933",2018-02-24,600.909973,-0.0290136934800174
"934",2018-02-25,603.909973,0.00498000752739181
"935",2018-02-26,599.340027,-0.00759604067939179
"936",2018-02-27,603.820007,0.00744705704620241
"937",2018-02-28,622.919983,0.0311419204684444
"938",2018-03-01,634.98999,0.0191911626526009
"939",2018-03-02,631.799988,-0.00503636561428245
"940",2018-03-03,631.76001,-6.32783565110984e-05
"941",2018-03-04,631.150024,-0.000966000793424904
"942",2018-03-05,631.789978,0.00101343540272492
"943",2018-03-06,624.75,-0.0112054559123598
"944",2018-03-07,558.140015,-0.112741715870578
"945",2018-03-08,530.450012,-0.0508841283169019
"946",2018-03-09,546.070007,0.029021459946823
"947",2018-03-10,515.619995,-0.0573771350992356
"948",2018-03-11,538.359985,0.0431574031279487
"949",2018-03-12,475.540009,-0.124076434153009
"950",2018-03-13,510.109985,0.070175339980409
"951",2018-03-14,472.459991,-0.0766732911141368
"952",2018-03-15,453.350006,-0.0412886008895086
"953",2018-03-16,448.23999,-0.0113356863793204
"954",2018-03-17,402.26001,-0.108230110362934
"955",2018-03-18,403.619995,0.00337515829306145
"956",2018-03-19,402.209991,-0.00349951097247114
"957",2018-03-20,403.730011,0.00377204704694556
"958",2018-03-21,406.959991,0.00796851344715943
"959",2018-03-22,395.799988,-0.0278058755491912
"960",2018-03-23,391.01001,-0.0121758421694391
"961",2018-03-24,380.660004,-0.0268265619129808
"962",2018-03-25,383.619995,0.00774586749210826
"964",2018-03-26,329.829987,-0.151075135464811
"965",2018-03-27,333.01001,0.00959521879370939
"966",2018-03-28,287.269989,-0.147750047813577
"967",2018-03-29,235.009995,-0.200794456620536
"968",2018-03-30,371.119995,0.456897401816161
"969",2018-03-31,379.299988,0.0218019700868686
"970",2018-04-01,370.450012,-0.023608901801925
"971",2018-04-02,375.859985,0.0144981784642768
"972",2018-04-03,291.820007,-0.253079495896713
"973",2018-04-04,285.959991,-0.020285288397548
"974",2018-04-05,275,-0.0390808117591455
"975",2018-04-06,282.049988,0.0253132199737642
"976",2018-04-07,284.299988,0.00794565880768339
"977",2018-04-08,295.019989,0.0370131369182749
"978",2018-04-09,296.320007,0.00439686171463016
"979",2018-04-10,292.399994,-0.013317267725137
"980",2018-04-11,340.160004,0.151293399556968
"981",2018-04-12,338.420013,-0.00512834085847036
"982",2018-04-13,341.769989,0.00985019796365361
"983",2018-04-14,378.790009,0.10284402155016
"984",2018-04-15,362.920013,-0.0427995254461049
"985",2018-04-16,362.350006,-0.00157184800812704
"986",2018-04-17,362.98999,0.00176464601319015
"987",2018-04-18,415.920013,0.136117707204414
"988",2018-04-19,433.519989,0.0414449405527026
"989",2018-04-20,413.160004,-0.0481029690642609
"990",2018-04-21,434.779999,0.0510052169091066
"991",2018-04-22,473.369995,0.0850371594241066
"992",2018-04-23,493.839996,0.0423342568327252
"993",2018-04-24,438.459991,-0.118943002929219
"994",2018-04-25,464.540009,0.0577791209648435
"995",2018-04-26,461.190002,-0.00723757809224956
"996",2018-04-27,482.519989,0.0452122379709747
"997",2018-04-28,496.48999,0.028540974253894
"998",2018-04-29,468.540009,-0.0579418260428497
"999",2018-04-30,474.23999,0.0120920054700528
"1000",2018-05-01,491.299988,0.0353414131683101
"1001",2018-05-02,555.52002,0.122849733284627
"1002",2018-05-03,589.880005,0.060014486824806
"1003",2018-05-04,585.98999,-0.00661642733918821
"1004",2018-05-05,569.580017,-0.0284034305515366
"1005",2018-05-06,537.320007,-0.0583054437458843
"1006",2018-05-07,542.349976,0.00931767201192724
"1007",2018-05-08,544.75,0.00441546859037079
"1008",2018-05-09,530.559998,-0.0263939250874561
"1009",2018-05-10,489.070007,-0.0814274059101496
"1010",2018-05-11,514.080017,0.0498732856092072
"1011",2018-05-12,532.200012,0.0346404526551716
"1012",2018-05-13,524.960022,-0.0136972699707574
"1013",2018-05-14,539.530029,0.0273763328254741
"1014",2018-05-15,504.190002,-0.0677452588217706
"1015",2018-05-16,484.959991,-0.0388867903731871
"1016",2018-05-17,503.529999,0.0375768965659482
"1017",2018-05-18,507.779999,0.00840498962350278
"1018",2018-05-19,516.340027,0.0167172345716597
"1019",2018-05-20,521.820007,0.0105571987319442
"1020",2018-05-21,488.920013,-0.0651238107460381
"1021",2018-05-22,452.779999,-0.076792549404697
"1022",2018-05-23,452.600006,-0.000397607637405706
"1023",2018-05-24,428.559998,-0.0545779995502613
"1024",2018-05-25,443.48999,0.0342444841267708
"1025",2018-05-26,424.290009,-0.0442580261202599
"1026",2018-05-27,380.609985,-0.108642015502229
"1027",2018-05-28,442.98999,0.151771984442854
"1028",2018-05-29,416.549988,-0.0615407002401982
"1029",2018-05-30,423.029999,0.0154366225404985
"1030",2018-05-31,427.640015,0.010838659068181
"1031",2018-06-01,444.820007,0.0393879664694694
"1032",2018-06-02,466.459991,0.0475025307169386
"1033",2018-06-03,436.720001,-0.0658799926446401
"1034",2018-06-04,451.369995,0.0329951314316679
"1035",2018-06-05,448.959991,-0.00535361432720016
"1036",2018-06-06,450.320007,0.00302467983250665
"1037",2018-06-07,454.329987,0.00886532093051962
"1038",2018-06-08,450.209991,-0.00910965704545585
"1039",2018-06-09,411.670013,-0.0894920314794678
"1040",2018-06-10,414.929993,0.00788772532854143
"1041",2018-06-11,377.269989,-0.095148732106666
"1042",2018-06-12,358.350006,-0.051450903144409
"1043",2018-06-13,382.589996,0.0654537300685263
"1044",2018-06-14,371.959991,-0.0281776118380153
"1045",2018-06-15,369.779999,-0.00587806591595008
"1046",2018-06-16,366.290009,-0.00948283754238499
"1047",2018-06-17,386,0.0524119755093198
"1048",2018-06-18,396.769989,0.0275193705251162
"1049",2018-06-19,399.089996,0.00583020535117473
"1050",2018-06-20,402.679993,0.00895523913657037
"1051",2018-06-21,358.559998,-0.116046180002942
"1052",2018-06-22,357.339996,-0.00340830616354992
"1053",2018-06-23,358.959991,0.00452323828409629
"1054",2018-06-24,357.170013,-0.00499904128493789
"1055",2018-06-25,359.190002,0.0056396066545874
"1056",2018-06-26,355.019989,-0.011677407032459
"1057",2018-06-27,323.200012,-0.0939027311568346
"1058",2018-06-28,328.75,0.017026219716322
"1059",2018-06-29,341.820007,0.0389867197069993
"1060",2018-06-30,339.519989,-0.00675148017203675
"1061",2018-07-01,367.329987,0.0787277681759555
"1062",2018-07-02,355.269989,-0.0333825583913221
"1063",2018-07-03,340.98999,-0.041024910797625
"1064",2018-07-04,364.320007,0.0661794995153615
"1065",2018-07-05,346.429993,-0.0503518637163012
"1066",2018-07-06,358.549988,0.0343873290474423
"1067",2018-07-07,362.220001,0.0101836779366948
"1068",2018-07-08,350.079987,-0.0340901021379514
"1069",2018-07-09,328.059998,-0.0649651502712976
"1070",2018-07-10,333.869995,0.0175551682896611
"1071",2018-07-11,318.720001,-0.046438703143771
"1072",2018-07-12,322.549988,0.0119451482409314
"1073",2018-07-13,317.220001,-0.0166625831469149
"1074",2018-07-14,338.980011,0.0663455984123997
"1075",2018-07-15,352.519989,0.039166185987356
"1076",2018-07-16,367.73999,0.0422688125050135
"1077",2018-07-17,366.25,-0.00405997920129231
"1078",2018-07-18,361.730011,-0.0124180527389113
"1079",2018-07-19,330.649994,-0.0898377116177711
"1080",2018-07-20,350.350006,0.0578722759676795
"1081",2018-07-21,345.519989,-0.0138821751259028
"1082",2018-07-22,340.320007,-0.0151641247955689
"1083",2018-07-23,362.540009,0.063248465838817
"1084",2018-07-24,344.019989,-0.0524350746162607
"1085",2018-07-25,348.149994,0.0119336409112458
"1086",2018-07-26,361.089996,0.0364938195079842
"1087",2018-07-27,357.230011,-0.0107473608322826
"1088",2018-07-28,362.579987,0.0148652409170591
"1089",2018-07-29,345.619995,-0.0479052125882751
"1090",2018-07-30,331.609985,-0.0413803567710778
"1091",2018-07-31,311.559998,-0.0623676047555746
"1092",2018-08-01,311.980011,0.00134718881695406
"1093",2018-08-02,318.709991,0.0213424517137737
"1094",2018-08-03,297.910004,-0.0674901292689452
"1095",2018-08-04,317.170013,0.0626465078276217
"1096",2018-08-05,308.540009,-0.0275864249684119
"1097",2018-08-06,292.679993,-0.0527716856545073
"1098",2018-08-07,276.959991,-0.0552067791666921
"1099",2018-08-08,288.929993,0.0423113610813299
"1100",2018-08-09,265.910004,-0.0830264993057162
"1101",2018-08-10,257.100006,-0.033692783098779
"1102",2018-08-11,252.960007,-0.0162337364755452
"1103",2018-08-12,226.529999,-0.110354019064503
"1104",2018-08-13,226.110001,-0.00185577112290325
"1105",2018-08-14,222.740005,-0.0150164165334639
"1106",2018-08-15,228.669998,0.0262747130521248
"1107",2018-08-16,237.529999,0.0380140196122323
"1108",2018-08-17,237.059998,-0.00198066186233614
"1109",2018-08-18,231.25,-0.0248138888221368
"1110",2018-08-19,213.320007,-0.0807059578455833
"1111",2018-08-20,214.25,0.0043501389309375
"1112",2018-08-21,207.220001,-0.0333625218284945
"1113",2018-08-22,217.380005,0.047865961486842
"1114",2018-08-23,220.339996,0.0135247926219195
"1115",2018-08-24,218.539993,-0.0082027576463064
"1116",2018-08-25,212.470001,-0.0281682254777555
"1117",2018-08-26,216.259995,0.0176805577629784
"1118",2018-08-27,231.089996,0.0663258633266377
"1119",2018-08-28,219.149994,-0.0530508282374003
"1120",2018-08-29,210.960007,-0.0380878242596339
"1121",2018-08-30,219.759995,0.0408674438082492
"1122",2018-08-31,222.070007,0.0104566599728342
"1123",2018-09-01,223.610001,0.0069107884643671
"1124",2018-09-02,223.190002,-0.00188003187505803
"1125",2018-09-03,223.309998,0.000537496093567569
"1126",2018-09-04,177.690002,-0.228520461478095
"1127",2018-09-05,178.5,0.00454813100715246
"1128",2018-09-06,166.550003,-0.0692930185673957
"1129",2018-09-07,152.330002,-0.0892463493742977
"1130",2018-09-08,151.960007,-0.00243185889382236
"1131",2018-09-09,150.910004,-0.0069337152478548
"1132",2018-09-10,141.380005,-0.0652323230278347
"1133",2018-09-11,140.350006,-0.00731199055033027
"1134",2018-09-12,160.630005,0.134964269138952
"1135",2018-09-13,159.960007,-0.00417978695755306
"1136",2018-09-14,146.75,-0.086193369031351
"1137",2018-09-15,162.940002,0.104651588448746
"1138",2018-09-16,149.330002,-0.0872234116946187
"1139",2018-09-17,159.070007,0.063185765453718
"1140",2018-09-18,159.779999,0.00445346187923867
"1141",2018-09-19,169.839996,0.061058931048132
"1142",2018-09-20,190.429993,0.114427842368388
"1143",2018-09-21,185.279999,-0.0274164472244172
"1144",2018-09-22,188.270004,0.0160089349953099
"1145",2018-09-23,174.460007,-0.0761815948538214
"1146",2018-09-24,166.809998,-0.0448401009526069
"1147",2018-09-25,164.179993,-0.0158920838922869
"1148",2018-09-26,175.210007,0.0650219501670648
"1149",2018-09-27,174.419998,-0.00451912211878813
"1150",2018-09-28,179.729996,0.0299895301760724
"1151",2018-09-29,178.369995,-0.00759568596974525
"1152",2018-09-30,177.520004,-0.0047767153815812
"1153",2018-10-01,174.320007,-0.0181905703646121
"1154",2018-10-02,169.440002,-0.028393837135714
"1155",2018-10-03,169.970001,0.00312306311596622
"1156",2018-10-04,175.190002,0.0302491538912566
"1157",2018-10-05,173.830002,-0.00779328902496434
"1158",2018-10-06,171.679993,-0.0124455835300878
"1159",2018-10-07,175.190002,0.0202388725550522
"1160",2018-10-08,172.699997,-0.0143151428824382
"1161",2018-10-09,170.380005,-0.0135247018206082
"1162",2018-10-10,144.360001,-0.165721079259146
"1163",2018-10-11,150.050003,0.0386584051779968
"1164",2018-10-12,154.380005,0.0284485360296109
"1165",2018-10-13,149.029999,-0.0352695066586799
"1166",2018-10-14,161.149994,0.0781879497784113
"1167",2018-10-15,159.259995,-0.0117975155949583
"1168",2018-10-16,157.910004,-0.00851277962465957
"1169",2018-10-17,156.059998,-0.0117847399364042
"1170",2018-10-18,156.789993,0.00466674985362214
"1171",2018-10-19,158.979996,0.0138710972579146
"1172",2018-10-20,158.259995,-0.00453916439710156
"1173",2018-10-21,157.970001,-0.00183407067614549
"1174",2018-10-22,156.179993,-0.0113960044968726
"1175",2018-10-23,158.800003,0.0166364242902741
"1176",2018-10-24,158.880005,0.000503664062430964
"1177",2018-10-25,159.039993,0.00100646712702446
"1178",2018-10-26,161.149994,0.0131798721348755
"1179",2018-10-27,159.880005,-0.00791200591247598
"1180",2018-10-29,154.369995,-0.0350712793125414
"1181",2018-10-30,156.429993,0.0132562950211916
"1182",2018-10-31,157.399994,0.00618171703863268
"1183",2018-11-01,154.360001,-0.0195027547160809
"1184",2018-11-02,157.449997,0.0198203853455858
"1185",2018-11-03,155.770004,-0.010727342475966
"1186",2018-11-04,163.970001,0.0513029043430535
"1187",2018-11-05,162.089996,-0.0115317785140174
"1188",2018-11-06,168.289993,0.0375369282836795
"1189",2018-11-07,167.300003,-0.00590001420547814
"1190",2018-11-08,162.690002,-0.0279420641102401
"1191",2018-11-09,161.649994,-0.00641309476018392
"1192",2018-11-10,164.25,0.015956190310507
"1193",2018-11-11,164.279999,0.000182625636469425
"1194",2018-11-12,164.300003,0.000121760301314389
"1195",2018-11-13,157.690002,-0.041062950201896
"1196",2018-11-14,142.839996,-0.0989059983777212
"1197",2018-11-15,143.339996,0.00349430793720718
"1198",2018-11-16,137.350006,-0.0426869464347934
"1199",2018-11-17,139.789993,0.0176087901826225
"1200",2018-11-18,139.270004,-0.00372672262173346
"1201",2018-11-19,116.620003,-0.177493712267604
"1202",2018-11-20,104.480003,-0.109925117276836
"1203",2018-11-21,107.699997,0.0303538620654393
"1204",2018-11-22,97.080002,-0.103814154847223
"1205",2018-11-23,97.150002,0.000720794950204606
"1206",2018-11-24,93.339996,-0.0400074987425842
"1207",2018-11-25,92.089996,-0.0134823813700811
"1208",2018-11-26,85.059998,-0.0794094499848326
"1209",2018-11-27,86.239998,0.0137772176569193
"1210",2018-11-28,96.580002,0.113237617184025
"1211",2018-11-29,92.339996,-0.0448943273929467
"1212",2018-11-30,88.989998,-0.0369533923663345
"1213",2018-12-01,94.050003,0.0553026062506303
"1214",2018-12-02,91.300003,-0.0296757671853358
"1215",2018-12-03,85.529999,-0.0652836405587438
"1216",2018-12-04,86.639999,0.0128944112498361
"1217",2018-12-05,80.160004,-0.0777369039139693
"1218",2018-12-06,71.529999,-0.113907759096609
"1219",2018-12-07,74.459999,0.0401451268743971
"1220",2018-12-08,72.720001,-0.0236455913939428
"1221",2018-12-09,74.599998,0.0255240167794648
"1222",2018-12-10,71.989998,-0.035613287700488
"1223",2018-12-11,70.580002,-0.0197803461158124
"1224",2018-12-12,70.870003,0.00410040856942917
"1225",2018-12-13,68.089996,-0.0400169544040958
"1226",2018-12-14,67.07,-0.0150934506374503
"1227",2018-12-15,67.400002,0.00490819748020588
"1228",2018-12-16,67.650002,0.00370233658887642
"1229",2018-12-17,75.610001,0.111241178615214
"1230",2018-12-18,80.68,0.0649021502900693
"1231",2018-12-19,79.900002,-0.00971483528249362
"1232",2018-12-20,91.870003,0.139598689134695
"1233",2018-12-21,87.470001,-0.0490786780739585
"1234",2018-12-22,93.410004,0.0657025598424692
"1235",2018-12-23,104.870003,0.115723067746436
"1236",2018-12-24,112.160004,0.0672049424964571
"1237",2018-12-25,104.550003,-0.07026100438057
"1238",2018-12-26,105.790001,0.0117905518823251
"1239",2018-12-27,93.230003,-0.126386415964287
"1240",2018-12-28,111.099998,0.175361088156699
"1241",2018-12-29,109.730003,-0.0124078483012431
"1242",2018-12-30,112.110001,0.021457710742772
"1243",2018-12-31,105.419998,-0.0615281886299845
"1244",2019-01-01,112.650002,0.0663333321770301
"1245",2019-01-02,124.910004,0.103307825368515
"1246",2019-01-03,118.849998,-0.0497313330226055
"1247",2019-01-04,123.019997,0.0344847424156747
"1248",2019-01-05,123.75,0.00591648205485651
"1249",2019-01-06,125.379997,0.0130857004697615
"1250",2019-01-07,119.559998,-0.0475307812308268
"1251",2019-01-08,118.279999,-0.0107636341579722
"1252",2019-01-09,117.709999,-0.00483072260082817
"1253",2019-01-10,100.93,-0.153796756678165
"1254",2019-01-11,99.620003,-0.0130642294911967
"1255",2019-01-12,99.389999,-0.00231148284103178
"1256",2019-01-13,91.550003,-0.0821661910290423
"1257",2019-01-14,101.860001,0.106714027384357
"1258",2019-01-15,95.050003,-0.0691962307770817
"1259",2019-01-16,95.839996,0.00827699213413791
"1260",2019-01-17,95.870003,0.000313045750368168
"1261",2019-01-18,93.589996,-0.0240696409517245
"1262",2019-01-19,96.769997,0.0334135004619522
"1263",2019-01-20,92.379997,-0.0464265253636098
"1264",2019-01-21,90.610001,-0.0193458792576191
"1265",2019-01-22,91.559998,0.0104298799704878
"1266",2019-01-23,90.029999,-0.0168515362277892
"1267",2019-01-24,89.160004,-0.00971038363214216
"1268",2019-01-25,88.029999,-0.0127548992677839
"1269",2019-01-26,88.669998,0.00724393672332191
"1270",2019-01-27,85.669998,-0.0344189082058151
"1271",2019-01-28,80.959999,-0.0565474894431812
"1272",2019-01-29,80.529999,-0.00532541979765533
"1273",2019-01-30,83.220001,0.0328579421814164
"1274",2019-01-31,81.389999,-0.0222353125187089
"1275",2019-02-01,82.260002,0.0106325840630026
"1276",2019-02-02,85.150002,0.0345294434812287
"1277",2019-02-03,82.220001,-0.0350158369644369
"1278",2019-02-04,82.040001,-0.00219164823886686
"1279",2019-02-05,82.459999,0.00510636975830625
"1280",2019-02-06,80.93,-0.0187287316440514
"1281",2019-02-07,80.330002,-0.00744140842459107
"1282",2019-02-08,92.330002,0.139225962362948
"1283",2019-02-09,92.889999,0.00604684918804033
"1284",2019-02-10,97.120003,0.0445313715668005
"1285",2019-02-11,93.779999,-0.0349957552026225
"1286",2019-02-12,94.029999,0.00266226665589553
"1287",2019-02-13,94.309998,0.00297333769505226
"1288",2019-02-14,94.230003,-0.000848573293475319
"1289",2019-02-15,94.760002,0.00560876634087748
"1290",2019-02-16,95.989998,0.0128965981434055
"1291",2019-02-17,104.860001,0.08838213814097
"1292",2019-02-18,113.459999,0.0788242064038309
"1293",2019-02-19,110.910004,-0.0227312454028148
"1294",2019-02-20,114.779999,0.0342981462859697
"1295",2019-02-21,112.32,-0.0216653036903969
"1296",2019-02-22,113.940002,0.0143200713278473
"1297",2019-02-23,122.5,0.0724390183794341
"1298",2019-02-24,102.610001,-0.177175626365026
"1299",2019-02-25,106.580002,0.0379604920141263
"1300",2019-02-26,103.379997,-0.0304844048851427
"1301",2019-02-27,102.260002,-0.0108928815388971
"1302",2019-02-28,102.519997,0.00253926302344443
"1303",2019-03-01,103.160004,0.00622334755457477
"1304",2019-03-02,101.830002,-0.0129764439637103
"1305",2019-03-03,99.18,-0.0263683947631641
"1306",2019-03-04,95.68,-0.0359270908586655
"1307",2019-03-05,105.07,0.0936175044983614
"1308",2019-03-06,105.389999,0.00304095075659561
"1309",2019-03-07,104.550003,-0.00800229088823201
"1310",2019-03-08,103.260002,-0.0124153557489599
"1311",2019-03-09,106.199997,0.0280739817391638
"1312",2019-03-10,104.779999,-0.0134611761229833
"1313",2019-03-11,100.57,-0.0410089019798789
"1314",2019-03-12,101.639999,0.0105831461569288
"1315",2019-03-13,99.459999,-0.0216816053810183
"1316",2019-03-14,99.489998,0.000301573266446198
"1317",2019-03-15,103.129997,0.0359331827397336
"1318",2019-03-16,106.209999,0.0294279576796601
"1319",2019-03-17,104.25,-0.0186263962392283
"1320",2019-03-18,104.349998,0.000958753678031776
"1321",2019-03-19,104.739998,0.00373045539949768
"1322",2019-03-20,105.580002,0.00798790858201137
"1323",2019-03-21,103.260002,-0.0222188795183644
"1324",2019-03-22,103.449997,0.00183827637194778
"1325",2019-03-23,103.919998,0.00453297792473517
"1326",2019-03-24,103.029999,-0.0086011548657039
"1327",2019-03-25,101.540001,-0.0145673788834824
"1328",2019-03-26,101.010002,-0.00523327772647164
"1329",2019-03-27,106.25,0.0505752661634142
"1330",2019-03-28,105.559998,-0.00651531511597359
"1331",2019-03-29,110.489998,0.0456455083353449
"1332",2019-03-30,109.199997,-0.0117439651856213
"1333",2019-03-31,108.669998,-0.00486528716785983
"1335",2019-04-01,125.699997,0.145582343059436
"1336",2019-04-02,122.519997,-0.0256238342510766
"1337",2019-04-03,120.410004,-0.0173716383548168
"1338",2019-04-04,126.830002,0.0519450037245184
"1339",2019-04-05,127.989998,0.00910449739300212
"1340",2019-04-06,134.25,0.0477516131474944
"1341",2019-04-07,138.470001,0.0309499694994289
"1342",2019-04-08,135.039993,-0.02508272387725
"1343",2019-04-09,135.429993,0.00288387096890741
"1344",2019-04-10,126.889999,-0.0651342884520787
"1345",2019-04-11,126.599998,-0.00228806761569444
"1346",2019-04-12,126.099998,-0.00395726680184172
"1347",2019-04-13,128.990005,0.0226596936292935
"1348",2019-04-14,122.830002,-0.0489336189060694
"1349",2019-04-15,127.290001,0.0356666539047499
"1350",2019-04-16,127.900002,0.00478076848359343
"1351",2019-04-17,133.839996,0.0453963025701238
"1352",2019-04-18,134.330002,0.00365444717149188
"1353",2019-04-19,133.979996,-0.00260896873871008
"1354",2019-04-20,131.089996,-0.021806425528589
"1355",2019-04-21,132.479996,0.0105475807473825
"1356",2019-04-22,132.229996,-0.00188886012530265
"1357",2019-04-23,128.320007,-0.030015601649084
"1358",2019-04-24,118.489998,-0.0796986467197387
"1359",2019-04-25,119.220001,0.00614198223004792
"1360",2019-04-26,122.209999,0.0247703340876377
"1361",2019-04-27,119.970001,-0.0184991484050183
"1362",2019-04-28,118.110001,-0.0156253177718151
"1363",2019-04-29,124.849998,0.05549659861612
"1364",2019-04-30,121.669998,-0.0258005553451071
"1365",2019-05-01,122.459999,0.00647199252242459
"1366",2019-05-02,124.989998,0.0204492802169733
"1367",2019-05-03,123.849998,-0.0091625783140481
"1368",2019-05-04,123,-0.00688678441438473
"1369",2019-05-05,132.729996,0.0761326041293264
"1370",2019-05-06,128.410004,-0.0330886585083396
"1371",2019-05-07,131.300003,0.0222565031637849
"1372",2019-05-08,130.639999,-0.00503936314960285
"1373",2019-05-09,133.449997,0.021281412362617
"1374",2019-05-10,148.520004,0.106992802871075
"1375",2019-05-11,144.710007,-0.0259878681187713
"1376",2019-05-12,151.039993,0.0428128679293431
"1377",2019-05-13,168.839996,0.111406841171379
"1378",2019-05-14,194.330002,0.140606257945154
"1379",2019-05-15,207.550003,0.0658145337850122
"1380",2019-05-16,193.169998,-0.0718016690887691
"1381",2019-05-17,185.699997,-0.0394381676610553
"1382",2019-05-18,205.449997,0.101070228523755
"1383",2019-05-19,199.080002,-0.0314959166907602
"1384",2019-05-20,201.339996,0.0112882373978191
"1385",2019-05-21,192.990005,-0.0423566014352881
"1386",2019-05-22,194.410004,0.00733095160852493
"1387",2019-05-23,196,0.008145307622895
"1388",2019-05-24,197.570007,0.00797832812527677
"1389",2019-05-25,209.330002,0.0578189763049277
"1390",2019-05-26,214.899994,0.0262608120677799
"1391",2019-05-27,214.190002,-0.00330929480794584
"1392",2019-05-28,214.020004,-0.000793993631858392
"1393",2019-05-29,202.710007,-0.0542930665244148
"1394",2019-05-30,213.529999,0.0520009125723577
"1395",2019-05-31,211.690002,-0.00865438351937353
