"","open","high","low","close","volume","adjusted_close"
"2012-01-02",1.1974,1.1995,1.1961,1.1974,0,1.1974
"2012-01-03",1.1992,1.1998,1.1943,1.1991,0,1.1991
"2012-01-04",1.1982,1.2096,1.1978,1.1982,0,1.1982
"2012-01-05",1.2069,1.211,1.2063,1.2067,0,1.2067
"2012-01-06",1.2113,1.2133,1.2096,1.2113,0,1.2113
"2012-01-09",1.2157,1.2157,1.2079,1.2157,0,1.2157
"2012-01-10",1.2098,1.2119,1.2064,1.2097,0,1.2097
"2012-01-11",1.2127,1.2132,1.2087,1.213,0,1.213
"2012-01-12",1.2051,1.2055,1.1948,1.205,0,1.205
"2012-01-13",1.1964,1.2078,1.1936,1.1963,0,1.1963
"2012-01-16",1.2095,1.2111,1.2069,1.2096,0,1.2096
"2012-01-17",1.2094,1.2094,1.2016,1.2093,0,1.2093
"2012-01-18",1.2031,1.2037,1.1969,1.2032,0,1.2032
"2012-01-19",1.1991,1.2009,1.1952,1.1989,0,1.1989
"2012-01-20",1.1943,1.2019,1.1933,1.1944,0,1.1944
"2012-01-23",1.2055,1.2064,1.194,1.2058,0,1.2058
"2012-01-24",1.1958,1.2026,1.1916,1.1959,0,1.1959
"2012-01-25",1.1984,1.203,1.1928,1.1984,0,1.1984
"2012-01-26",1.1944,1.1971,1.1905,1.1943,0,1.1943
"2012-01-27",1.1973,1.1989,1.192,1.1972,0,1.1972
"2012-01-30",1.1902,1.1971,1.1901,1.1901,0,1.1901
"2012-01-31",1.1951,1.2052,1.1924,1.1951,0,1.1951
"2012-02-01",1.1951,1.2072,1.1924,1.205,0,1.205
"2012-02-02",1.2029,1.2079,1.2001,1.2028,0,1.2028
"2012-02-03",1.2027,1.2056,1.1993,1.2026,0,1.2026
"2012-02-06",1.2035,1.2096,1.2033,1.2036,0,1.2036
"2012-02-07",1.2051,1.207,1.1972,1.2051,0,1.2051
"2012-02-08",1.1992,1.2002,1.193,1.1993,0,1.1993
"2012-02-09",1.1932,1.199,1.1901,1.1933,0,1.1933
"2012-02-10",1.1908,1.1973,1.1893,1.1906,0,1.1906
"2012-02-13",1.1913,1.195,1.1898,1.1919,0,1.1919
"2012-02-14",1.195,1.1955,1.1906,1.1951,0,1.1951
"2012-02-15",1.195,1.2003,1.1901,1.1948,0,1.1948
"2012-02-16",1.2011,1.2078,1.2011,1.2011,0,1.2011
"2012-02-17",1.2038,1.206,1.1994,1.2037,0,1.2037
"2012-02-20",1.1996,1.2021,1.1949,1.1995,0,1.1995
"2012-02-21",1.1982,1.1986,1.1905,1.1982,0,1.1982
"2012-02-22",1.1916,1.1932,1.1823,1.1918,0,1.1918
"2012-02-23",1.1819,1.1826,1.1777,1.1821,0,1.1821
"2012-02-24",1.1768,1.1806,1.1754,1.1769,0,1.1769
"2012-02-27",1.1792,1.1845,1.1782,1.1791,0,1.1791
"2012-02-28",1.1806,1.1809,1.1776,1.1805,0,1.1805
"2012-02-29",1.1809,1.1925,1.1807,1.181,0,1.181
"2012-03-01",1.1947,1.1993,1.1925,1.1947,0,1.1947
"2012-03-02",1.1974,1.2025,1.1972,1.1977,0,1.1977
"2012-03-05",1.2005,1.2008,1.197,1.2006,0,1.2006
"2012-03-06",1.2002,1.2018,1.1976,1.2002,0,1.2002
"2012-03-07",1.198,1.1988,1.1958,1.198,0,1.198
"2012-03-08",1.1968,1.1984,1.1905,1.1969,0,1.1969
"2012-03-09",1.192,1.1979,1.1912,1.192,0,1.192
"2012-03-12",1.1938,1.1972,1.188,1.1938,0,1.1938
"2012-03-13",1.1884,1.2008,1.187,1.1884,0,1.1884
"2012-03-14",1.2004,1.2053,1.1997,1.2004,0,1.2004
"2012-03-15",1.2019,1.2026,1.1975,1.2018,0,1.2018
"2012-03-16",1.2006,1.2055,1.2001,1.2005,0,1.2005
"2012-03-19",1.2015,1.207,1.1986,1.2015,0,1.2015
"2012-03-20",1.2007,1.2024,1.1968,1.2007,0,1.2007
"2012-03-21",1.1981,1.2009,1.1943,1.198,0,1.198
"2012-03-22",1.2007,1.2043,1.1981,1.2008,0,1.2008
"2012-03-23",1.1982,1.1993,1.1952,1.1981,0,1.1981
"2012-03-25",1.195,1.1993,1.1946,1.195,0,1.195
"2012-03-26",1.1947,1.1993,1.1944,1.1945,0,1.1945
"2012-03-27",1.1967,1.1975,1.191,1.1967,0,1.1967
"2012-03-28",1.1924,1.1997,1.1923,1.1924,0,1.1924
"2012-03-29",1.1984,1.2009,1.196,1.1982,0,1.1982
"2012-04-01",1.1986,1.2055,1.1976,1.1986,0,1.1986
"2012-04-02",1.2027,1.2027,1.1963,1.2026,0,1.2026
"2012-04-03",1.2026,1.21,1.2009,1.2027,0,1.2027
"2012-04-04",1.2096,1.2137,1.2076,1.2095,0,1.2095
"2012-04-05",1.2116,1.214,1.2109,1.2116,0,1.2116
"2012-04-08",1.2132,1.2149,1.2125,1.2132,0,1.2132
"2012-04-09",1.2132,1.2142,1.208,1.213,0,1.213
"2012-04-10",1.2126,1.2136,1.2098,1.2125,0,1.2125
"2012-04-11",1.2135,1.2151,1.2094,1.2135,0,1.2135
"2012-04-12",1.2097,1.2149,1.2093,1.2097,0,1.2097
"2012-04-15",1.214,1.2178,1.2122,1.2137,0,1.2137
"2012-04-16",1.2107,1.2148,1.2102,1.2105,0,1.2105
"2012-04-17",1.2132,1.2232,1.2127,1.2135,0,1.2135
"2012-04-18",1.2211,1.225,1.2207,1.221,0,1.221
"2012-04-19",1.2215,1.2245,1.2192,1.2215,0,1.2215
"2012-04-22",1.2213,1.2269,1.2207,1.2212,0,1.2212
"2012-04-23",1.2256,1.2275,1.2212,1.2253,0,1.2253
"2012-04-24",1.2232,1.2236,1.2163,1.2231,0,1.2231
"2012-04-25",1.2225,1.2258,1.2214,1.2224,0,1.2224
"2012-04-26",1.2261,1.2291,1.2244,1.2262,0,1.2262
"2012-04-29",1.2294,1.231,1.226,1.2295,0,1.2295
"2012-04-30",1.2258,1.2269,1.2198,1.2258,0,1.2258
"2012-05-01",1.225,1.2323,1.225,1.2251,0,1.2251
"2012-05-02",1.2313,1.2338,1.2279,1.2314,0,1.2314
"2012-05-03",1.2305,1.2336,1.2286,1.2305,0,1.2305
"2012-05-06",1.2434,1.2434,1.2378,1.2431,0,1.2431
"2012-05-07",1.2398,1.243,1.2384,1.2395,0,1.2395
"2012-05-08",1.2425,1.246,1.2406,1.2424,0,1.2424
"2012-05-09",1.2472,1.2495,1.2428,1.2471,0,1.2471
"2012-05-10",1.2473,1.25,1.2422,1.2471,0,1.2471
"2012-05-13",1.2461,1.2556,1.2455,1.246,0,1.246
"2012-05-14",1.2544,1.256,1.2476,1.2545,0,1.2545
"2012-05-15",1.255,1.2575,1.2488,1.255,0,1.255
"2012-05-16",1.2503,1.2506,1.2432,1.2504,0,1.2504
"2012-05-17",1.2429,1.2459,1.2411,1.2428,0,1.2428
"2012-05-20",1.2378,1.2401,1.2359,1.2378,0,1.2378
"2012-05-21",1.2352,1.2389,1.2345,1.2351,0,1.2351
"2012-05-22",1.2443,1.2494,1.2405,1.2443,0,1.2443
"2012-05-23",1.2481,1.2496,1.2455,1.2482,0,1.2482
"2012-05-24",1.2489,1.2528,1.2428,1.2489,0,1.2489
"2012-05-27",1.2476,1.2524,1.2441,1.2472,0,1.2472
"2012-05-28",1.251,1.2522,1.249,1.2508,0,1.2508
"2012-05-29",1.2526,1.2541,1.2499,1.2526,0,1.2526
"2012-05-30",1.2511,1.2511,1.2444,1.2509,0,1.2509
"2012-05-31",1.2454,1.2471,1.2378,1.2454,0,1.2454
"2012-06-03",1.2376,1.2394,1.2302,1.2376,0,1.2376
"2012-06-04",1.2288,1.2359,1.2281,1.2293,0,1.2293
"2012-06-05",1.2343,1.2419,1.2329,1.2342,0,1.2342
"2012-06-06",1.2307,1.2397,1.2297,1.231,0,1.231
"2012-06-07",1.235,1.2387,1.2347,1.235,0,1.235
"2012-06-10",1.2285,1.2413,1.2285,1.2283,0,1.2283
"2012-06-11",1.2407,1.2479,1.2377,1.2408,0,1.2408
"2012-06-12",1.245,1.2462,1.2346,1.2448,0,1.2448
"2012-06-13",1.2341,1.2364,1.2313,1.234,0,1.234
"2012-06-14",1.2314,1.2391,1.2265,1.2313,0,1.2313
"2012-06-17",1.2367,1.2459,1.2344,1.2366,0,1.2366
"2012-06-18",1.2451,1.2456,1.2378,1.2448,0,1.2448
"2012-06-19",1.2395,1.241,1.2355,1.2396,0,1.2396
"2012-06-20",1.2384,1.2429,1.2357,1.2384,0,1.2384
"2012-06-21",1.2426,1.246,1.24,1.2429,0,1.2429
"2012-06-24",1.2424,1.2467,1.2424,1.2425,0,1.2425
"2012-06-25",1.2446,1.2522,1.2437,1.2446,0,1.2446
"2012-06-26",1.2519,1.252,1.2476,1.252,0,1.252
"2012-06-27",1.2482,1.2519,1.2452,1.2483,0,1.2483
"2012-06-28",1.2469,1.2482,1.2354,1.2469,0,1.2469
"2012-07-01",1.2389,1.2476,1.2379,1.2389,0,1.2389
"2012-07-02",1.2471,1.2478,1.2432,1.2471,0,1.2471
"2012-07-03",1.2443,1.2457,1.2415,1.2443,0,1.2443
"2012-07-04",1.2449,1.2548,1.2434,1.2448,0,1.2448
"2012-07-05",1.2529,1.2606,1.2528,1.253,0,1.253
"2012-07-08",1.2614,1.2631,1.2581,1.2612,0,1.2612
"2012-07-09",1.2604,1.2655,1.2601,1.2604,0,1.2604
"2012-07-10",1.2658,1.2703,1.2648,1.2659,0,1.2659
"2012-07-11",1.2664,1.2683,1.2635,1.2662,0,1.2662
"2012-07-12",1.2653,1.2712,1.2637,1.2651,0,1.2651
"2012-07-15",1.2721,1.2767,1.2707,1.2721,0,1.2721
"2012-07-16",1.2738,1.2765,1.2696,1.2737,0,1.2737
"2012-07-17",1.2738,1.2769,1.2708,1.2738,0,1.2738
"2012-07-18",1.2743,1.2829,1.2729,1.2742,0,1.2742
"2012-07-19",1.28,1.2865,1.2787,1.28,0,1.28
"2012-07-22",1.2869,1.2877,1.279,1.2869,0,1.2869
"2012-07-23",1.2796,1.287,1.2785,1.2795,0,1.2795
"2012-07-24",1.2846,1.2853,1.273,1.2846,0,1.2846
"2012-07-25",1.2753,1.2791,1.2722,1.2754,0,1.2754
"2012-07-26",1.2771,1.2817,1.2701,1.277,0,1.277
"2012-07-29",1.278,1.2834,1.2772,1.278,0,1.278
"2012-07-30",1.2814,1.2819,1.2714,1.2813,0,1.2813
"2012-07-31",1.2744,1.275,1.2665,1.2742,0,1.2742
"2012-08-01",1.2698,1.2777,1.2646,1.2695,0,1.2695
"2012-08-02",1.2736,1.2748,1.2631,1.2737,0,1.2737
"2012-08-05",1.2592,1.2629,1.2557,1.2594,0,1.2594
"2012-08-06",1.258,1.2618,1.2563,1.258,0,1.258
"2012-08-07",1.2605,1.2687,1.258,1.2607,0,1.2607
"2012-08-08",1.2661,1.2726,1.2654,1.266,0,1.266
"2012-08-09",1.2711,1.2772,1.2692,1.2712,0,1.2712
"2012-08-12",1.2759,1.2773,1.2698,1.276,0,1.276
"2012-08-13",1.2716,1.2728,1.2683,1.2716,0,1.2716
"2012-08-14",1.2717,1.2778,1.2691,1.2716,0,1.2716
"2012-08-15",1.2756,1.2797,1.2724,1.2756,0,1.2756
"2012-08-16",1.2731,1.2758,1.2692,1.2731,0,1.2731
"2012-08-19",1.272,1.2762,1.2702,1.2719,0,1.2719
"2012-08-20",1.2716,1.2729,1.2643,1.2716,0,1.2716
"2012-08-21",1.2643,1.269,1.2643,1.2645,0,1.2645
"2012-08-22",1.2669,1.2681,1.2618,1.267,0,1.267
"2012-08-23",1.2622,1.267,1.2604,1.2621,0,1.2621
"2012-08-26",1.2634,1.2654,1.261,1.2635,0,1.2635
"2012-08-27",1.263,1.2646,1.2569,1.263,0,1.263
"2012-08-28",1.2588,1.2644,1.2584,1.2586,0,1.2586
"2012-08-29",1.2627,1.2652,1.2598,1.2628,0,1.2628
"2012-08-30",1.2618,1.263,1.2568,1.2617,0,1.2617
"2012-09-02",1.2616,1.2643,1.2606,1.2615,0,1.2615
"2012-09-03",1.2614,1.265,1.2589,1.2614,0,1.2614
"2012-09-04",1.2656,1.2675,1.2611,1.2656,0,1.2656
"2012-09-05",1.262,1.2643,1.2583,1.2618,0,1.2618
"2012-09-06",1.2611,1.2613,1.251,1.261,0,1.261
"2012-09-09",1.2508,1.2526,1.2482,1.251,0,1.251
"2012-09-10",1.253,1.2549,1.249,1.253,0,1.253
"2012-09-11",1.2503,1.2542,1.2453,1.2502,0,1.2502
"2012-09-12",1.2481,1.2488,1.2459,1.2481,0,1.2481
"2012-09-13",1.243,1.2439,1.2323,1.2429,0,1.2429
"2012-09-16",1.2368,1.2394,1.2343,1.2369,0,1.2369
"2012-09-17",1.2387,1.2455,1.2386,1.239,0,1.239
"2012-09-18",1.2447,1.2471,1.2409,1.245,0,1.245
"2012-09-19",1.2429,1.2516,1.2426,1.2427,0,1.2427
"2012-09-20",1.2501,1.2537,1.2485,1.2501,0,1.2501
"2012-09-23",1.2516,1.257,1.2503,1.2516,0,1.2516
"2012-09-24",1.2535,1.2598,1.2529,1.2535,0,1.2535
"2012-09-25",1.2549,1.2591,1.2545,1.255,0,1.255
"2012-09-26",1.2558,1.2618,1.2554,1.2558,0,1.2558
"2012-09-27",1.2568,1.2579,1.2511,1.2568,0,1.2568
"2012-09-30",1.2586,1.2586,1.2495,1.2589,0,1.2589
"2012-10-01",1.2514,1.253,1.2469,1.2512,0,1.2512
"2012-10-02",1.2488,1.2503,1.2447,1.2489,0,1.2489
"2012-10-03",1.2456,1.2462,1.2418,1.2457,0,1.2457
"2012-10-04",1.2433,1.2451,1.2395,1.2433,0,1.2433
"2012-10-07",1.2395,1.2407,1.2351,1.2396,0,1.2396
"2012-10-08",1.2352,1.242,1.2343,1.2353,0,1.2353
"2012-10-09",1.2438,1.2449,1.2414,1.2437,0,1.2437
"2012-10-10",1.2445,1.2463,1.2388,1.2444,0,1.2444
"2012-10-11",1.2405,1.2418,1.2362,1.2405,0,1.2405
"2012-10-14",1.2413,1.2435,1.2377,1.2412,0,1.2412
"2012-10-15",1.2397,1.2402,1.2341,1.2399,0,1.2399
"2012-10-16",1.2305,1.2331,1.2298,1.2303,0,1.2303
"2012-10-17",1.2304,1.2328,1.2299,1.2302,0,1.2302
"2012-10-18",1.2283,1.231,1.2273,1.2284,0,1.2284
"2012-10-21",1.2283,1.2307,1.2248,1.2283,0,1.2283
"2012-10-22",1.2253,1.2306,1.2253,1.2255,0,1.2255
"2012-10-23",1.2289,1.2377,1.2271,1.229,0,1.229
"2012-10-24",1.2362,1.2452,1.2347,1.2361,0,1.2361
"2012-10-25",1.2457,1.2494,1.2439,1.2455,0,1.2455
"2012-10-29",1.2447,1.246,1.2417,1.2446,0,1.2446
"2012-10-30",1.2418,1.2434,1.2385,1.2417,0,1.2417
"2012-10-31",1.2398,1.2425,1.2382,1.2399,0,1.2399
"2012-11-01",1.2442,1.2492,1.2433,1.2442,0,1.2442
"2012-11-02",1.2458,1.2503,1.2453,1.2459,0,1.2459
"2012-11-05",1.2489,1.2518,1.2479,1.2489,0,1.2489
"2012-11-06",1.2487,1.2522,1.2466,1.2485,0,1.2485
"2012-11-07",1.2484,1.2534,1.2451,1.2483,0,1.2483
"2012-11-08",1.2523,1.2559,1.2507,1.2523,0,1.2523
"2012-11-09",1.2535,1.2549,1.251,1.2535,0,1.2535
"2012-11-12",1.249,1.2514,1.247,1.249,0,1.249
"2012-11-13",1.2491,1.2544,1.2486,1.2492,0,1.2492
"2012-11-14",1.2488,1.2496,1.2441,1.2487,0,1.2487
"2012-11-15",1.2442,1.2451,1.2397,1.244,0,1.244
"2012-11-16",1.241,1.2481,1.2407,1.2407,0,1.2407
"2012-11-19",1.2458,1.2474,1.2412,1.2461,0,1.2461
"2012-11-20",1.2447,1.2447,1.2418,1.2443,0,1.2443
"2012-11-21",1.2427,1.2486,1.2419,1.2426,0,1.2426
"2012-11-22",1.2413,1.2431,1.2367,1.2411,0,1.2411
"2012-11-23",1.2378,1.2382,1.2331,1.2377,0,1.2377
"2012-11-26",1.2354,1.2372,1.233,1.2359,0,1.2359
"2012-11-27",1.234,1.2405,1.2328,1.2344,0,1.2344
"2012-11-28",1.2379,1.2401,1.2374,1.238,0,1.238
"2012-11-29",1.2363,1.2371,1.2324,1.2361,0,1.2361
"2012-11-30",1.2361,1.2364,1.2296,1.236,0,1.236
"2012-12-03",1.2328,1.2329,1.2295,1.2326,0,1.2326
"2012-12-04",1.2322,1.2343,1.23,1.2319,0,1.2319
"2012-12-05",1.229,1.2325,1.2273,1.2288,0,1.2288
"2012-12-06",1.2306,1.2395,1.2305,1.231,0,1.231
"2012-12-07",1.2378,1.2424,1.2372,1.2379,0,1.2379
"2012-12-10",1.2422,1.2444,1.2407,1.2424,0,1.2424
"2012-12-11",1.2421,1.243,1.2378,1.2421,0,1.2421
"2012-12-12",1.2385,1.2401,1.2356,1.2385,0,1.2385
"2012-12-13",1.2347,1.2359,1.2317,1.2346,0,1.2346
"2012-12-14",1.232,1.2346,1.2295,1.2321,0,1.2321
"2012-12-17",1.2281,1.2324,1.2274,1.2284,0,1.2284
"2012-12-18",1.2309,1.2316,1.2287,1.231,0,1.231
"2012-12-19",1.2283,1.23,1.2241,1.228,0,1.228
"2012-12-20",1.2298,1.2304,1.2251,1.2297,0,1.2297
"2012-12-21",1.2291,1.232,1.2272,1.229,0,1.229
"2012-12-24",1.2253,1.2269,1.2217,1.2253,0,1.2253
"2012-12-25",1.2232,1.2243,1.2232,1.2234,0,1.2234
"2012-12-26",1.2237,1.2241,1.2187,1.2239,0,1.2239
"2012-12-27",1.2189,1.2214,1.2165,1.2187,0,1.2187
"2012-12-28",1.2162,1.224,1.2155,1.2162,0,1.2162
"2012-12-31",1.2216,1.2314,1.2212,1.2217,0,1.2217
"2013-01-01",1.2299,1.232,1.2298,1.2303,0,1.2303
"2013-01-02",1.2308,1.2324,1.2265,1.2309,0,1.2309
"2013-01-03",1.2323,1.2364,1.2318,1.2325,0,1.2325
"2013-01-04",1.234,1.2346,1.2287,1.2343,0,1.2343
"2013-01-07",1.2294,1.2334,1.2275,1.2293,0,1.2293
"2013-01-08",1.2283,1.2288,1.2252,1.2281,0,1.2281
"2013-01-09",1.2273,1.2292,1.2255,1.2273,0,1.2273
"2013-01-10",1.2266,1.2276,1.2188,1.2266,0,1.2266
"2013-01-11",1.2177,1.2186,1.207,1.2176,0,1.2176
"2013-01-14",1.2068,1.2075,1.201,1.2067,0,1.2067
"2013-01-15",1.2016,1.2054,1.2011,1.2015,0,1.2015
"2013-01-16",1.2076,1.2096,1.2023,1.2076,0,1.2076
"2013-01-17",1.2037,1.2045,1.1954,1.2035,0,1.2035
"2013-01-18",1.1946,1.1965,1.1922,1.1946,0,1.1946
"2013-01-21",1.1903,1.1934,1.1892,1.1903,0,1.1903
"2013-01-22",1.1896,1.1954,1.1846,1.1893,0,1.1893
"2013-01-23",1.1891,1.1932,1.1875,1.1892,0,1.1892
"2013-01-24",1.1893,1.1915,1.1798,1.1893,0,1.1893
"2013-01-25",1.1804,1.1815,1.1717,1.1802,0,1.1802
"2013-01-28",1.1714,1.1721,1.1669,1.1713,0,1.1713
"2013-01-29",1.1671,1.1722,1.1666,1.167,0,1.167
"2013-01-30",1.167,1.168,1.1624,1.1671,0,1.1671
"2013-01-31",1.164,1.1681,1.1638,1.164,0,1.164
"2013-02-01",1.1656,1.1663,1.1494,1.1657,0,1.1657
"2013-02-04",1.1504,1.161,1.1499,1.1503,0,1.1503
"2013-02-05",1.166,1.1688,1.157,1.1659,0,1.1659
"2013-02-06",1.1532,1.1601,1.1517,1.1529,0,1.1529
"2013-02-07",1.158,1.1734,1.1543,1.1579,0,1.1579
"2013-02-08",1.1733,1.1837,1.1716,1.1732,0,1.1732
"2013-02-11",1.1819,1.1822,1.1699,1.1817,0,1.1817
"2013-02-12",1.1679,1.1704,1.1585,1.1679,0,1.1679
"2013-02-13",1.165,1.1664,1.1514,1.1649,0,1.1649
"2013-02-14",1.1549,1.1644,1.1537,1.155,0,1.155
"2013-02-15",1.1596,1.1657,1.1582,1.1595,0,1.1595
"2013-02-18",1.1601,1.162,1.1568,1.1599,0,1.1599
"2013-02-19",1.1593,1.1623,1.1558,1.1593,0,1.1593
"2013-02-20",1.1516,1.1516,1.1409,1.1515,0,1.1515
"2013-02-21",1.1469,1.1582,1.1424,1.1469,0,1.1469
"2013-02-22",1.1566,1.1618,1.1522,1.1565,0,1.1565
"2013-02-25",1.1441,1.1479,1.1342,1.1438,0,1.1438
"2013-02-26",1.1604,1.1657,1.1564,1.1602,0,1.1602
"2013-02-27",1.1576,1.1593,1.1524,1.1575,0,1.1575
"2013-02-28",1.1527,1.1614,1.1526,1.1525,0,1.1525
"2013-03-01",1.1609,1.1613,1.1515,1.1606,0,1.1606
"2013-03-04",1.1549,1.1591,1.1539,1.1548,0,1.1548
"2013-03-05",1.1604,1.164,1.1579,1.1605,0,1.1605
"2013-03-06",1.1599,1.1599,1.1561,1.1599,0,1.1599
"2013-03-07",1.1552,1.157,1.1473,1.1552,0,1.1552
"2013-03-08",1.1462,1.1513,1.144,1.1459,0,1.1459
"2013-03-11",1.1477,1.1488,1.1431,1.1476,0,1.1476
"2013-03-12",1.1434,1.1464,1.137,1.1435,0,1.1435
"2013-03-13",1.1435,1.1541,1.1432,1.1438,0,1.1438
"2013-03-14",1.1515,1.1593,1.1512,1.1514,0,1.1514
"2013-03-15",1.1595,1.1622,1.1556,1.1595,0,1.1595
"2013-03-18",1.1714,1.1717,1.1656,1.1716,0,1.1716
"2013-03-19",1.1659,1.1726,1.1646,1.1661,0,1.1661
"2013-03-20",1.1731,1.1735,1.164,1.1731,0,1.1731
"2013-03-21",1.1663,1.1775,1.1662,1.1664,0,1.1664
"2013-03-22",1.1762,1.1783,1.1702,1.1762,0,1.1762
"2013-03-25",1.1705,1.1796,1.1677,1.17,0,1.17
"2013-03-26",1.1803,1.1815,1.1765,1.1802,0,1.1802
"2013-03-27",1.1786,1.1842,1.1783,1.1786,0,1.1786
"2013-03-28",1.184,1.188,1.1797,1.184,0,1.184
"2013-03-29",1.186,1.1867,1.1842,1.1858,0,1.1858
"2013-03-31",1.1866,1.1887,1.1839,1.1863,0,1.1863
"2013-04-01",1.1844,1.1864,1.1771,1.1846,0,1.1846
"2013-04-02",1.1783,1.1804,1.1769,1.1782,0,1.1782
"2013-04-03",1.1778,1.1849,1.1736,1.1778,0,1.1778
"2013-04-04",1.1775,1.1794,1.1742,1.1775,0,1.1775
"2013-04-07",1.1813,1.1813,1.1726,1.181,0,1.181
"2013-04-08",1.1713,1.1752,1.1682,1.1713,0,1.1713
"2013-04-09",1.1712,1.173,1.1681,1.1711,0,1.1711
"2013-04-10",1.1737,1.1755,1.1716,1.1738,0,1.1738
"2013-04-11",1.1735,1.1775,1.1725,1.1734,0,1.1734
"2013-04-14",1.1721,1.1742,1.1696,1.172,0,1.172
"2013-04-15",1.1715,1.1728,1.1643,1.1717,0,1.1717
"2013-04-16",1.1653,1.1691,1.1578,1.1651,0,1.1651
"2013-04-17",1.1694,1.1719,1.1661,1.1693,0,1.1693
"2013-04-18",1.1706,1.1755,1.1654,1.1707,0,1.1707
"2013-04-21",1.1658,1.1705,1.1639,1.1657,0,1.1657
"2013-04-22",1.1712,1.1748,1.1668,1.1712,0,1.1712
"2013-04-23",1.1717,1.1764,1.1711,1.1716,0,1.1716
"2013-04-24",1.1736,1.1884,1.172,1.1736,0,1.1736
"2013-04-25",1.1867,1.1904,1.1836,1.1866,0,1.1866
"2013-04-28",1.1877,1.1896,1.1824,1.1878,0,1.1878
"2013-04-29",1.1828,1.1868,1.1786,1.1827,0,1.1827
"2013-04-30",1.1795,1.1818,1.1771,1.1796,0,1.1796
"2013-05-01",1.1812,1.1889,1.1791,1.181,0,1.181
"2013-05-02",1.1888,1.1893,1.1832,1.1888,0,1.1888
"2013-05-05",1.1867,1.19,1.1848,1.1869,0,1.1869
"2013-05-06",1.1884,1.189,1.181,1.1884,0,1.1884
"2013-05-07",1.1835,1.1836,1.1782,1.1834,0,1.1834
"2013-05-08",1.1806,1.1854,1.1798,1.1808,0,1.1808
"2013-05-09",1.1849,1.1858,1.1823,1.1848,0,1.1848
"2013-05-12",1.1832,1.1853,1.1773,1.1829,0,1.1829
"2013-05-13",1.1783,1.1798,1.1743,1.1783,0,1.1783
"2013-05-14",1.1768,1.1851,1.1766,1.1768,0,1.1768
"2013-05-15",1.1826,1.1872,1.1812,1.1826,0,1.1826
"2013-05-16",1.1855,1.1858,1.1826,1.1854,0,1.1854
"2013-05-19",1.1825,1.1838,1.1804,1.1826,0,1.1826
"2013-05-20",1.1838,1.1839,1.1743,1.1838,0,1.1838
"2013-05-21",1.1732,1.1736,1.1641,1.1733,0,1.1733
"2013-05-22",1.1705,1.1719,1.1667,1.1706,0,1.1706
"2013-05-23",1.1678,1.1713,1.1629,1.1676,0,1.1676
"2013-05-26",1.1692,1.1714,1.1662,1.1694,0,1.1694
"2013-05-27",1.168,1.1703,1.1677,1.168,0,1.168
"2013-05-28",1.1697,1.1707,1.1638,1.1695,0,1.1695
"2013-05-29",1.1685,1.17,1.1631,1.1684,0,1.1684
"2013-05-30",1.1675,1.1722,1.1657,1.1675,0,1.1675
"2013-06-02",1.16989,1.1759,1.16895,1.1701,0,1.1701
"2013-06-03",1.17192,1.1732,1.16817,1.1721,0,1.1721
"2013-06-04",1.17031,1.1764,1.16957,1.1705,0,1.1705
"2013-06-05",1.1764,1.1791,1.17343,1.1763,0,1.1763
"2013-06-06",1.1778,1.1786,1.17246,1.1779,0,1.1779
"2013-06-09",1.1759,1.1776,1.17382,1.1758,0,1.1758
"2013-06-10",1.1745,1.176,1.16934,1.1745,0,1.1745
"2013-06-11",1.1748,1.1802,1.17431,1.1747,0,1.1747
"2013-06-12",1.1754,1.1796,1.17045,1.1754,0,1.1754
"2013-06-13",1.1752,1.1768,1.1715,1.17519,0,1.17519
"2013-06-16",1.1777,1.1794,1.17684,1.17758,0,1.17758
"2013-06-17",1.1763,1.1764,1.16472,1.1762,0,1.1762
"2013-06-18",1.16756,1.1701,1.16531,1.1677,0,1.1677
"2013-06-19",1.1647,1.1737,1.16378,1.1647,0,1.1647
"2013-06-20",1.1722,1.1731,1.16912,1.172,0,1.172
"2013-06-23",1.1741,1.1785,1.1705,1.17391,0,1.17391
"2013-06-24",1.17606,1.1801,1.17482,1.1761,0,1.1761
"2013-06-25",1.1784,1.1806,1.17645,1.17827,0,1.17827
"2013-06-26",1.17722,1.1774,1.1682,1.17725,0,1.17725
"2013-06-27",1.1703,1.1705,1.16395,1.17022,0,1.17022
"2013-06-30",1.1684,1.1697,1.16375,1.1683,0,1.1683
"2013-07-01",1.1637,1.1672,1.16341,1.1641,0,1.1641
"2013-07-02",1.1674,1.1787,1.1664,1.16722,0,1.16722
"2013-07-03",1.174,1.1748,1.1581,1.1736,0,1.1736
"2013-07-04",1.16487,1.167,1.1588,1.1651,0,1.1651
"2013-07-07",1.15948,1.1618,1.15886,1.1593,0,1.1593
"2013-07-08",1.16143,1.1624,1.15356,1.16154,0,1.16154
"2013-07-09",1.16213,1.1659,1.1604,1.1623,0,1.1623
"2013-07-10",1.15164,1.1601,1.1514,1.152,0,1.152
"2013-07-11",1.1587,1.1608,1.1569,1.15845,0,1.15845
"2013-07-14",1.15608,1.1584,1.154,1.1562,0,1.1562
"2013-07-15",1.1558,1.15672,1.1484,1.1561,0,1.1561
"2013-07-16",1.15079,1.1596,1.14794,1.15075,0,1.15075
"2013-07-17",1.1595,1.1624,1.1564,1.1595,0,1.1595
"2013-07-18",1.1608,1.164,1.1586,1.16071,0,1.16071
"2013-07-21",1.16143,1.1649,1.1609,1.1615,0,1.1615
"2013-07-22",1.1648,1.165,1.16141,1.1647,0,1.1647
"2013-07-23",1.16242,1.1642,1.15866,1.16243,0,1.16243
"2013-07-24",1.16019,1.164,1.1568,1.1605,0,1.1605
"2013-07-25",1.15832,1.1614,1.15757,1.1585,0,1.1585
"2013-07-28",1.1583,1.15954,1.1568,1.1583,0,1.1583
"2013-07-29",1.1565,1.157,1.14869,1.1565,0,1.1565
"2013-07-30",1.1488,1.1488,1.1413,1.1488,0,1.1488
"2013-07-31",1.14055,1.1513,1.1401,1.1407,0,1.1407
"2013-08-01",1.1442,1.1514,1.1433,1.1443,0,1.1443
"2013-08-04",1.1512,1.1584,1.14965,1.1512,0,1.1512
"2013-08-05",1.15786,1.1598,1.15374,1.158,0,1.158
"2013-08-06",1.1528,1.1653,1.14586,1.1528,0,1.1528
"2013-08-07",1.1614,1.16329,1.15959,1.16156,0,1.16156
"2013-08-08",1.161,1.1627,1.16002,1.161,0,1.161
"2013-08-11",1.16284,1.1651,1.1614,1.16289,0,1.16289
"2013-08-12",1.1627,1.17127,1.16121,1.1626,0,1.1626
"2013-08-13",1.1644,1.1721,1.16275,1.1644,0,1.1644
"2013-08-14",1.1696,1.1756,1.1669,1.1696,0,1.1696
"2013-08-15",1.17112,1.1729,1.1689,1.1714,0,1.1714
"2013-08-18",1.1721,1.1744,1.1709,1.1721,0,1.1721
"2013-08-19",1.1732,1.1735,1.16621,1.1733,0,1.1733
"2013-08-20",1.1668,1.1733,1.16573,1.167,0,1.167
"2013-08-21",1.1702,1.1712,1.16577,1.1704,0,1.1704
"2013-08-22",1.1675,1.1704,1.1627,1.16742,0,1.16742
"2013-08-25",1.1637,1.1656,1.16296,1.1637,0,1.1637
"2013-08-26",1.1645,1.1651,1.1594,1.1646,0,1.1646
"2013-08-27",1.1606,1.166,1.156,1.1606,0,1.1606
"2013-08-28",1.1641,1.1722,1.164,1.1642,0,1.1642
"2013-08-29",1.1713,1.1734,1.169,1.1713,0,1.1713
"2013-09-01",1.1747,1.18,1.17454,1.17462,0,1.17462
"2013-09-02",1.17833,1.1836,1.17831,1.1786,0,1.1786
"2013-09-03",1.18123,1.1866,1.18109,1.18121,0,1.18121
"2013-09-04",1.1833,1.1891,1.18109,1.1833,0,1.1833
"2013-09-05",1.1882,1.191,1.18558,1.1884,0,1.1884
"2013-09-08",1.1868,1.1888,1.18554,1.18638,0,1.18638
"2013-09-09",1.18388,1.1865,1.1827,1.184,0,1.184
"2013-09-10",1.1855,1.192,1.18463,1.1855,0,1.1855
"2013-09-11",1.1884,1.1911,1.18672,1.1884,0,1.1884
"2013-09-12",1.1883,1.19622,1.18776,1.1882,0,1.1882
"2013-09-15",1.19264,1.1943,1.1915,1.1928,0,1.1928
"2013-09-16",1.19222,1.1932,1.18864,1.19204,0,1.19204
"2013-09-17",1.1905,1.19681,1.1903,1.1906,0,1.1906
"2013-09-18",1.1927,1.1933,1.1844,1.1928,0,1.1928
"2013-09-19",1.1847,1.1871,1.18213,1.18458,0,1.18458
"2013-09-22",1.18315,1.1897,1.18292,1.18316,0,1.18316
"2013-09-23",1.18819,1.1884,1.1835,1.18818,0,1.18818
"2013-09-24",1.1869,1.1903,1.18373,1.187,0,1.187
"2013-09-25",1.18891,1.1909,1.1862,1.1891,0,1.1891
"2013-09-26",1.1889,1.19441,1.1875,1.18889,0,1.18889
"2013-09-29",1.1978,1.1981,1.19191,1.19785,0,1.19785
"2013-09-30",1.19671,1.1998,1.19545,1.19656,0,1.19656
"2013-10-01",1.1972,1.19942,1.1931,1.1972,0,1.1972
"2013-10-02",1.1946,1.1947,1.18486,1.19445,0,1.19445
"2013-10-03",1.1857,1.1872,1.17958,1.1856,0,1.1856
"2013-10-06",1.182,1.186,1.18098,1.18164,0,1.18164
"2013-10-07",1.1852,1.1867,1.18065,1.1852,0,1.1852
"2013-10-08",1.1851,1.1861,1.178,1.185,0,1.185
"2013-10-09",1.1801,1.1811,1.17725,1.18,0,1.18
"2013-10-10",1.1808,1.1815,1.17493,1.1809,0,1.1809
"2013-10-13",1.1778,1.179,1.1772,1.17756,0,1.17756
"2013-10-14",1.178,1.1838,1.177,1.1779,0,1.1779
"2013-10-15",1.1818,1.1851,1.17825,1.182,0,1.182
"2013-10-16",1.1793,1.1829,1.17679,1.179,0,1.179
"2013-10-17",1.1813,1.1842,1.18097,1.1815,0,1.1815
"2013-10-20",1.1817,1.1832,1.1805,1.1817,0,1.1817
"2013-10-21",1.1797,1.18,1.17631,1.1797,0,1.1797
"2013-10-22",1.17767,1.1785,1.1722,1.17775,0,1.17775
"2013-10-23",1.17276,1.1751,1.16885,1.17272,0,1.17272
"2013-10-24",1.1735,1.1757,1.1702,1.17322,0,1.17322
"2013-10-28",1.17118,1.1735,1.1698,1.1713,0,1.1713
"2013-10-29",1.1704,1.1705,1.16455,1.17024,0,1.17024
"2013-10-30",1.1676,1.1683,1.16593,1.16741,0,1.16741
"2013-10-31",1.1675,1.1806,1.1671,1.1676,0,1.1676
"2013-11-01",1.1813,1.1836,1.18007,1.1814,0,1.1814
"2013-11-04",1.18,1.18266,1.1796,1.1798,0,1.1798
"2013-11-05",1.18152,1.1914,1.1814,1.1816,0,1.1816
"2013-11-06",1.1908,1.19304,1.1878,1.1909,0,1.1909
"2013-11-07",1.1897,1.2042,1.18861,1.1897,0,1.1897
"2013-11-08",1.1995,1.2012,1.19561,1.19946,0,1.19946
"2013-11-11",1.19864,1.1989,1.19089,1.19873,0,1.19873
"2013-11-12",1.19197,1.1935,1.1834,1.1921,0,1.1921
"2013-11-13",1.1823,1.1933,1.18129,1.1822,0,1.1822
"2013-11-14",1.1897,1.1955,1.1883,1.18958,0,1.18958
"2013-11-15",1.1937,1.1961,1.19208,1.1938,0,1.1938
"2013-11-18",1.1948,1.1956,1.19025,1.19487,0,1.19487
"2013-11-19",1.1932,1.1933,1.18964,1.19297,0,1.19297
"2013-11-20",1.1895,1.2007,1.18812,1.1895,0,1.1895
"2013-11-21",1.1986,1.2002,1.1965,1.1984,0,1.1984
"2013-11-22",1.2012,1.2022,1.19638,1.201,0,1.201
"2013-11-25",1.19754,1.19861,1.1957,1.1976,0,1.1976
"2013-11-26",1.1947,1.1957,1.19156,1.1948,0,1.1948
"2013-11-27",1.1945,1.2001,1.1921,1.19444,0,1.19444
"2013-11-28",1.19937,1.2026,1.19738,1.1995,0,1.1995
"2013-11-29",1.2011,1.2023,1.19804,1.2011,0,1.2011
"2013-12-02",1.2053,1.2112,1.20507,1.2054,0,1.2054
"2013-12-03",1.2079,1.2107,1.2065,1.2078,0,1.2078
"2013-12-04",1.2057,1.2084,1.20163,1.2058,0,1.2058
"2013-12-05",1.2054,1.2057,1.1943,1.2052,0,1.2052
"2013-12-06",1.1946,1.1976,1.1944,1.1947,0,1.1947
"2013-12-09",1.1911,1.1953,1.1908,1.191,0,1.191
"2013-12-10",1.1954,1.1973,1.1916,1.19511,0,1.19511
"2013-12-11",1.1955,1.1956,1.18663,1.1954,0,1.1954
"2013-12-12",1.18767,1.1915,1.1858,1.1877,0,1.1877
"2013-12-13",1.1881,1.1891,1.1846,1.1881,0,1.1881
"2013-12-16",1.1864,1.1875,1.1825,1.1862,0,1.1862
"2013-12-17",1.1844,1.1857,1.18108,1.1844,0,1.1844
"2013-12-18",1.18167,1.1919,1.18152,1.1818,0,1.1818
"2013-12-19",1.1973,1.199,1.1948,1.1975,0,1.1975
"2013-12-20",1.1983,1.2002,1.1956,1.1981,0,1.1981
"2013-12-23",1.19357,1.1966,1.1918,1.1937,0,1.1937
"2013-12-24",1.19333,1.198,1.1933,1.1934,0,1.1934
"2013-12-25",1.1967,1.1967,1.195,1.19548,0,1.19548
"2013-12-26",1.19603,1.2004,1.19544,1.1961,0,1.1961
"2013-12-27",1.1985,1.199,1.1927,1.1983,0,1.1983
"2013-12-30",1.19819,1.2004,1.1943,1.1984,0,1.1984
"2013-12-31",1.1945,1.2019,1.194,1.1942,0,1.1942
"2014-01-01",1.2046,1.2046,1.2044,1.2046,0,1.2046
"2014-01-02",1.2038,1.2085,1.20336,1.2039,0,1.2039
"2014-01-03",1.2036,1.2073,1.20247,1.2034,0,1.2034
"2014-01-06",1.207,1.2075,1.20029,1.2068,0,1.2068
"2014-01-07",1.2041,1.2051,1.2017,1.2041,0,1.2041
"2014-01-08",1.20403,1.2106,1.20226,1.2042,0,1.2042
"2014-01-09",1.2114,1.2148,1.2081,1.2116,0,1.2116
"2014-01-10",1.2109,1.211,1.2044,1.2109,0,1.2109
"2014-01-13",1.2062,1.2069,1.198,1.20612,0,1.20612
"2014-01-14",1.199,1.2035,1.1986,1.19865,0,1.19865
"2014-01-15",1.2022,1.2066,1.2003,1.2022,0,1.2022
"2014-01-16",1.203,1.2033,1.19865,1.20286,0,1.20286
"2014-01-17",1.2005,1.2125,1.199,1.20022,0,1.20022
"2014-01-20",1.2135,1.2145,1.21029,1.2134,0,1.2134
"2014-01-21",1.21239,1.2172,1.2113,1.21217,0,1.21217
"2014-01-22",1.2149,1.2224,1.21402,1.2148,0,1.2148
"2014-01-23",1.22247,1.2235,1.214,1.22261,0,1.22261
"2014-01-24",1.2149,1.2177,1.2047,1.215,0,1.215
"2014-01-27",1.2049,1.2137,1.20445,1.2046,0,1.2046
"2014-01-28",1.2119,1.2159,1.21163,1.2119,0,1.2119
"2014-01-29",1.2132,1.2161,1.2105,1.2133,0,1.2133
"2014-01-30",1.2122,1.2168,1.2093,1.21198,0,1.21198
"2014-01-31",1.2164,1.221,1.2135,1.2166,0,1.2166
"2014-02-03",1.2187,1.219,1.2081,1.2185,0,1.2185
"2014-02-04",1.2058,1.2094,1.2011,1.2058,0,1.2058
"2014-02-05",1.20803,1.2095,1.2002,1.208,0,1.208
"2014-02-06",1.20596,1.2074,1.1977,1.2061,0,1.2061
"2014-02-07",1.2008,1.2062,1.20037,1.20049,0,1.20049
"2014-02-10",1.2047,1.2053,1.2009,1.2048,0,1.2048
"2014-02-11",1.20195,1.2064,1.1993,1.20214,0,1.20214
"2014-02-12",1.206,1.2206,1.2048,1.206,0,1.206
"2014-02-13",1.2222,1.2223,1.2154,1.2219,0,1.2219
"2014-02-14",1.2176,1.2228,1.21541,1.21746,0,1.21746
"2014-02-17",1.2232,1.2256,1.21938,1.2233,0,1.2233
"2014-02-18",1.21976,1.2208,1.2133,1.21982,0,1.21982
"2014-02-19",1.2122,1.216,1.21045,1.2123,0,1.2123
"2014-02-20",1.2145,1.217,1.21133,1.2144,0,1.2144
"2014-02-21",1.2142,1.2169,1.2118,1.21405,0,1.21405
"2014-02-24",1.21033,1.2129,1.2072,1.2106,0,1.2106
"2014-02-25",1.2126,1.2152,1.2112,1.21243,0,1.21243
"2014-02-26",1.2129,1.2179,1.212,1.2129,0,1.2129
"2014-02-27",1.2181,1.2196,1.2173,1.21794,0,1.21794
"2014-02-28",1.21747,1.2206,1.20939,1.2176,0,1.2176
"2014-03-03",1.2148,1.2157,1.2123,1.2143,0,1.2143
"2014-03-04",1.2132,1.2151,1.2105,1.2132,0,1.2132
"2014-03-05",1.2125,1.2186,1.2123,1.2127,0,1.2127
"2014-03-06",1.2171,1.2183,1.2068,1.217,0,1.217
"2014-03-07",1.2076,1.2084,1.2046,1.2075,0,1.2075
"2014-03-10",1.20532,1.2058,1.19738,1.2053,0,1.2053
"2014-03-11",1.1989,1.2015,1.1978,1.1989,0,1.1989
"2014-03-12",1.1993,1.201,1.19396,1.19902,0,1.19902
"2014-03-13",1.1952,1.1979,1.19329,1.1952,0,1.1952
"2014-03-14",1.19858,1.1995,1.1932,1.1988,0,1.1988
"2014-03-17",1.1963,1.1987,1.19367,1.1962,0,1.1962
"2014-03-18",1.1948,1.1956,1.1904,1.1947,0,1.1947
"2014-03-19",1.1913,1.1958,1.19091,1.1911,0,1.1911
"2014-03-20",1.1963,1.2004,1.1945,1.19617,0,1.19617
"2014-03-21",1.1979,1.1982,1.1943,1.19751,0,1.19751
"2014-03-24",1.1954,1.1981,1.1932,1.19505,0,1.19505
"2014-03-25",1.1922,1.1988,1.1903,1.19191,0,1.19191
"2014-03-26",1.196,1.2015,1.1954,1.19614,0,1.19614
"2014-03-27",1.20227,1.2094,1.20148,1.20241,0,1.20241
"2014-03-28",1.2083,1.2125,1.2071,1.20827,0,1.20827
"2014-03-30",1.21013,1.2104,1.205,1.21008,0,1.21008
"2014-03-31",1.2097,1.2101,1.2039,1.20955,0,1.20955
"2014-04-01",1.2055,1.2088,1.2034,1.20533,0,1.20533
"2014-04-02",1.20737,1.2103,1.2026,1.2073,0,1.2073
"2014-04-03",1.2094,1.2119,1.2081,1.2094,0,1.2094
"2014-04-06",1.2096,1.21,1.20678,1.2097,0,1.2097
"2014-04-07",1.20832,1.2144,1.20821,1.2084,0,1.2084
"2014-04-08",1.21387,1.2147,1.2114,1.21388,0,1.21388
"2014-04-09",1.21253,1.2133,1.20756,1.21251,0,1.21251
"2014-04-10",1.2077,1.2079,1.2032,1.20783,0,1.20783
"2014-04-13",1.208,1.2115,1.20709,1.208,0,1.208
"2014-04-14",1.21035,1.2125,1.207,1.21039,0,1.21039
"2014-04-15",1.2109,1.2163,1.2094,1.2108,0,1.2108
"2014-04-16",1.2154,1.217,1.21249,1.2153,0,1.2153
"2014-04-17",1.2152,1.216,1.2134,1.2151,0,1.2151
"2014-04-20",1.2148,1.2177,1.2148,1.2149,0,1.2149
"2014-04-21",1.217,1.2197,1.21672,1.21714,0,1.21714
"2014-04-22",1.2184,1.219,1.2125,1.2183,0,1.2183
"2014-04-23",1.21437,1.2162,1.21271,1.2145,0,1.2145
"2014-04-24",1.21506,1.2157,1.21309,1.215,0,1.215
"2014-04-27",1.2141,1.2166,1.213,1.214,0,1.214
"2014-04-28",1.2133,1.219,1.2109,1.21313,0,1.21313
"2014-04-29",1.2178,1.2192,1.2144,1.2178,0,1.2178
"2014-04-30",1.21659,1.2188,1.21515,1.2167,0,1.2167
"2014-05-01",1.2179,1.2192,1.2159,1.21777,0,1.21777
"2014-05-04",1.21646,1.2171,1.2143,1.2166,0,1.2166
"2014-05-05",1.2155,1.2201,1.2154,1.2156,0,1.2156
"2014-05-06",1.2185,1.2203,1.2172,1.2184,0,1.2184
"2014-05-07",1.21851,1.224,1.2123,1.21851,0,1.21851
"2014-05-08",1.2232,1.2247,1.22194,1.2232,0,1.2232
"2014-05-11",1.225,1.2278,1.2241,1.2251,0,1.2251
"2014-05-12",1.2265,1.2288,1.22318,1.2264,0,1.2264
"2014-05-13",1.2278,1.2301,1.22217,1.2278,0,1.2278
"2014-05-14",1.2222,1.2275,1.22186,1.2222,0,1.2222
"2014-05-15",1.2241,1.2282,1.22351,1.22398,0,1.22398
"2014-05-18",1.22754,1.2281,1.2255,1.2276,0,1.2276
"2014-05-19",1.2262,1.2312,1.22571,1.22601,0,1.22601
"2014-05-20",1.22837,1.2365,1.22756,1.2283,0,1.2283
"2014-05-21",1.2349,1.23638,1.23255,1.235,0,1.235
"2014-05-22",1.23504,1.2371,1.2339,1.2352,0,1.2352
"2014-05-25",1.2349,1.2366,1.23347,1.2351,0,1.2351
"2014-05-26",1.2337,1.2366,1.2319,1.2335,0,1.2335
"2014-05-27",1.2329,1.2335,1.2279,1.23264,0,1.23264
"2014-05-28",1.22939,1.23,1.2266,1.2295,0,1.2295
"2014-05-29",1.2293,1.2313,1.2285,1.22908,0,1.22908
"2014-06-01",1.2291,1.2321,1.22782,1.22922,0,1.22922
"2014-06-02",1.2312,1.2332,1.2273,1.2313,0,1.2313
"2014-06-03",1.2288,1.2307,1.22693,1.2288,0,1.2288
"2014-06-04",1.23023,1.2395,1.2293,1.23028,0,1.23028
"2014-06-05",1.2303,1.2341,1.23003,1.2302,0,1.2302
"2014-06-08",1.2317,1.236,1.23107,1.2311,0,1.2311
"2014-06-09",1.23594,1.2398,1.2354,1.23596,0,1.23596
"2014-06-10",1.23677,1.2413,1.23661,1.23688,0,1.23688
"2014-06-11",1.2403,1.2448,1.23971,1.24012,0,1.24012
"2014-06-12",1.2511,1.2538,1.24927,1.2509,0,1.2509
"2014-06-15",1.25386,1.2562,1.2507,1.2539,0,1.2539
"2014-06-16",1.2504,1.2528,1.2485,1.2504,0,1.2504
"2014-06-17",1.25151,1.2545,1.2473,1.2516,0,1.2516
"2014-06-18",1.2506,1.2519,1.2463,1.2506,0,1.2506
"2014-06-19",1.2518,1.2547,1.2505,1.2517,0,1.2517
"2014-06-22",1.2523,1.2534,1.2503,1.2521,0,1.2521
"2014-06-23",1.2515,1.2523,1.24602,1.2516,0,1.2516
"2014-06-24",1.24772,1.2481,1.2448,1.24771,0,1.24771
"2014-06-25",1.2459,1.2523,1.2449,1.24591,0,1.24591
"2014-06-26",1.2505,1.251,1.2471,1.25041,0,1.25041
"2014-06-29",1.2485,1.2495,1.2457,1.2483,0,1.2483
"2014-06-30",1.2494,1.2534,1.2485,1.2494,0,1.2494
"2014-07-01",1.2533,1.2575,1.25287,1.2533,0,1.2533
"2014-07-02",1.25658,1.2601,1.2543,1.2567,0,1.2567
"2014-07-03",1.2603,1.2624,1.26027,1.2602,0,1.2602
"2014-07-06",1.2621,1.2633,1.2582,1.26203,0,1.26203
"2014-07-07",1.2591,1.2613,1.256,1.2591,0,1.2591
"2014-07-08",1.2584,1.2587,1.2558,1.25834,0,1.25834
"2014-07-09",1.25729,1.2597,1.2547,1.2574,0,1.2574
"2014-07-10",1.2591,1.2598,1.2571,1.2589,0,1.2589
"2014-07-13",1.2585,1.2587,1.2528,1.25845,0,1.25845
"2014-07-14",1.2543,1.2638,1.2528,1.2543,0,1.2543
"2014-07-15",1.263,1.2671,1.26268,1.2631,0,1.2631
"2014-07-16",1.2667,1.2675,1.2631,1.2667,0,1.2667
"2014-07-17",1.2644,1.265,1.26034,1.26406,0,1.26406
"2014-07-20",1.2628,1.2642,1.26112,1.2628,0,1.2628
"2014-07-21",1.2624,1.2671,1.262,1.2621,0,1.2621
"2014-07-22",1.267,1.2697,1.264,1.267,0,1.267
"2014-07-23",1.2656,1.2671,1.25953,1.2655,0,1.2655
"2014-07-24",1.2616,1.2646,1.2602,1.26167,0,1.26167
"2014-07-27",1.26425,1.265,1.2628,1.2644,0,1.2644
"2014-07-28",1.2636,1.2644,1.2612,1.2636,0,1.2636
"2014-07-29",1.2636,1.2641,1.2624,1.26342,0,1.26342
"2014-07-30",1.2623,1.2633,1.2592,1.2622,0,1.2622
"2014-07-31",1.2614,1.2616,1.2523,1.2614,0,1.2614
"2014-08-03",1.2529,1.2554,1.2521,1.25302,0,1.25302
"2014-08-04",1.2564,1.2623,1.2552,1.2564,0,1.2564
"2014-08-05",1.26189,1.2628,1.25914,1.262,0,1.262
"2014-08-06",1.2595,1.2618,1.2571,1.25926,0,1.25926
"2014-08-07",1.25953,1.2597,1.2506,1.2595,0,1.2595
"2014-08-10",1.25123,1.2544,1.25095,1.2514,0,1.2514
"2014-08-11",1.25383,1.2584,1.25295,1.254,0,1.254
"2014-08-12",1.25697,1.2602,1.2468,1.25709,0,1.25709
"2014-08-13",1.2484,1.2497,1.2442,1.2484,0,1.2484
"2014-08-14",1.24849,1.2491,1.2448,1.2486,0,1.2486
"2014-08-17",1.2484,1.25212,1.24798,1.2485,0,1.2485
"2014-08-18",1.25137,1.2526,1.24548,1.2515,0,1.2515
"2014-08-19",1.2476,1.2539,1.2473,1.2474,0,1.2474
"2014-08-20",1.2518,1.2518,1.24834,1.2518,0,1.2518
"2014-08-21",1.2485,1.2525,1.24717,1.2484,0,1.2484
"2014-08-24",1.2538,1.2573,1.25307,1.2536,0,1.2536
"2014-08-25",1.2563,1.2568,1.2548,1.25624,0,1.25624
"2014-08-26",1.2563,1.2595,1.25577,1.2563,0,1.2563
"2014-08-27",1.2563,1.2596,1.2551,1.25623,0,1.25623
"2014-08-28",1.25794,1.2612,1.2565,1.25794,0,1.25794
"2014-08-31",1.26353,1.267,1.2634,1.2636,0,1.2636
"2014-09-01",1.265,1.2652,1.25674,1.26498,0,1.26498
"2014-09-02",1.2541,1.25515,1.2508,1.254,0,1.254
"2014-09-03",1.2517,1.265,1.25086,1.2517,0,1.2517
"2014-09-04",1.26,1.2623,1.2564,1.2597,0,1.2597
"2014-09-07",1.2519,1.2532,1.2438,1.2516,0,1.2516
"2014-09-08",1.2483,1.2526,1.24581,1.2484,0,1.2484
"2014-09-09",1.2458,1.2511,1.24,1.2457,0,1.2457
"2014-09-10",1.25398,1.2579,1.2536,1.2539,0,1.2539
"2014-09-11",1.2568,1.2585,1.2531,1.2572,0,1.2572
"2014-09-14",1.2544,1.2583,1.25233,1.25424,0,1.25424
"2014-09-15",1.25393,1.2558,1.2486,1.254,0,1.254
"2014-09-16",1.255,1.2615,1.2547,1.2551,0,1.2551
"2014-09-17",1.2659,1.2724,1.26357,1.2659,0,1.2659
"2014-09-18",1.2712,1.2802,1.2696,1.2722,0,1.2722
"2014-09-21",1.2702,1.2742,1.27,1.27062,0,1.27062
"2014-09-22",1.2737,1.2751,1.2675,1.2737,0,1.2737
"2014-09-23",1.2759,1.2797,1.27344,1.2755,0,1.2755
"2014-09-24",1.2774,1.2843,1.2767,1.2772,0,1.2772
"2014-09-25",1.2803,1.2819,1.2781,1.2802,0,1.2802
"2014-09-28",1.281,1.2814,1.2773,1.2814,0,1.2814
"2014-09-29",1.2797,1.28722,1.2791,1.2798,0,1.2798
"2014-09-30",1.2836,1.2872,1.28269,1.28361,0,1.28361
"2014-10-01",1.2824,1.2834,1.2735,1.2824,0,1.2824
"2014-10-02",1.2751,1.2782,1.272,1.27515,0,1.27515
"2014-10-05",1.2755,1.277,1.2719,1.2754,0,1.2754
"2014-10-06",1.27101,1.27554,1.2706,1.27074,0,1.27074
"2014-10-07",1.2702,1.2721,1.2661,1.26989,0,1.26989
"2014-10-08",1.26865,1.2728,1.2667,1.2684,0,1.2684
"2014-10-09",1.2703,1.2705,1.2664,1.27015,0,1.27015
"2014-10-12",1.273,1.2732,1.2659,1.27293,0,1.27293
"2014-10-13",1.2627,1.2646,1.2561,1.2626,0,1.2626
"2014-10-14",1.25673,1.2599,1.2477,1.25713,0,1.25713
"2014-10-15",1.247,1.2578,1.2456,1.24671,0,1.24671
"2014-10-16",1.2568,1.2614,1.2529,1.2567,0,1.2567
"2014-10-19",1.262,1.265,1.2608,1.262,0,1.262
"2014-10-20",1.2626,1.2691,1.25902,1.2625,0,1.2625
"2014-10-21",1.267,1.2699,1.2617,1.2671,0,1.2671
"2014-10-22",1.2689,1.2702,1.2631,1.26889,0,1.26889
"2014-10-23",1.2668,1.27,1.2656,1.2668,0,1.2668
"2014-10-27",1.2691,1.2717,1.2666,1.26908,0,1.26908
"2014-10-28",1.2692,1.2699,1.267,1.2692,0,1.2692
"2014-10-29",1.267,1.2674,1.2642,1.2671,0,1.2671
"2014-10-30",1.2667,1.2718,1.265,1.2668,0,1.2668
"2014-10-31",1.2687,1.278,1.26849,1.2686,0,1.2686
"2014-11-03",1.2773,1.2818,1.276,1.27736,0,1.27736
"2014-11-04",1.2786,1.2797,1.2736,1.2785,0,1.2785
"2014-11-05",1.2749,1.2797,1.2713,1.2749,0,1.2749
"2014-11-06",1.2792,1.28181,1.2714,1.27909,0,1.27909
"2014-11-07",1.2795,1.2799,1.2736,1.27929,0,1.27929
"2014-11-10",1.2743,1.2763,1.2719,1.2745,0,1.2745
"2014-11-11",1.2753,1.2782,1.27419,1.2752,0,1.2752
"2014-11-12",1.2762,1.2814,1.2675,1.27622,0,1.27622
"2014-11-13",1.2685,1.2685,1.2601,1.2685,0,1.2685
"2014-11-14",1.25855,1.2601,1.25295,1.25851,0,1.25851
"2014-11-17",1.2511,1.2561,1.2495,1.2513,0,1.2513
"2014-11-18",1.25573,1.2558,1.24798,1.2561,0,1.2561
"2014-11-19",1.24664,1.2515,1.2439,1.2469,0,1.2469
"2014-11-20",1.24959,1.2538,1.2458,1.2496,0,1.2496
"2014-11-21",1.2509,1.2632,1.2494,1.2509,0,1.2509
"2014-11-24",1.2643,1.2647,1.2602,1.2645,0,1.2645
"2014-11-25",1.2624,1.2629,1.2591,1.26232,0,1.26232
"2014-11-26",1.2596,1.2659,1.2578,1.2595,0,1.2595
"2014-11-27",1.2625,1.2645,1.2596,1.2624,0,1.2624
"2014-11-28",1.2621,1.2635,1.25446,1.262,0,1.262
"2014-12-01",1.2556,1.2617,1.25345,1.25496,0,1.25496
"2014-12-02",1.2615,1.264,1.2589,1.2617,0,1.2617
"2014-12-03",1.2629,1.275,1.2624,1.26289,0,1.26289
"2014-12-04",1.2742,1.2753,1.2622,1.2741,0,1.2741
"2014-12-05",1.2657,1.2731,1.2621,1.2657,0,1.2657
"2014-12-08",1.266,1.2745,1.2657,1.266,0,1.266
"2014-12-09",1.2706,1.2715,1.2607,1.27075,0,1.27075
"2014-12-10",1.266,1.268,1.2628,1.266,0,1.266
"2014-12-11",1.2618,1.2678,1.2467,1.2621,0,1.2621
"2014-12-12",1.2682,1.2698,1.2593,1.2683,0,1.2683
"2014-12-15",1.2616,1.2644,1.2561,1.2614,0,1.2614
"2014-12-16",1.25663,1.2589,1.2493,1.2571,0,1.2571
"2014-12-17",1.2579,1.2636,1.25698,1.2581,0,1.2581
"2014-12-18",1.2623,1.27579,1.2622,1.26203,0,1.26203
"2014-12-19",1.2748,1.2768,1.2722,1.2748,0,1.2748
"2014-12-22",1.2782,1.2783,1.2722,1.2782,0,1.2782
"2014-12-23",1.2743,1.2757,1.2709,1.2744,0,1.2744
"2014-12-24",1.27455,1.2755,1.27109,1.27462,0,1.27462
"2014-12-25",1.2744,1.27493,1.2722,1.2748,0,1.2748
"2014-12-26",1.2742,1.2783,1.2729,1.2739,0,1.2739
"2014-12-29",1.2777,1.2783,1.2731,1.2778,0,1.2778
"2014-12-30",1.2763,1.2791,1.2747,1.2763,0,1.2763
"2014-12-31",1.2797,1.2881,1.2789,1.2798,0,1.2798
"2015-01-01",1.2872,1.2872,1.2872,1.2872,0,1.2872
"2015-01-02",1.2887,1.2909,1.2792,1.2885,0,1.2885
"2015-01-05",1.2793,1.2817,1.2745,1.2794,0,1.2794
"2015-01-06",1.27784,1.2786,1.2726,1.278,0,1.278
"2015-01-07",1.2747,1.2793,1.2731,1.27446,0,1.27446
"2015-01-08",1.27625,1.2809,1.273,1.2763,0,1.2763
"2015-01-09",1.2792,1.2836,1.27774,1.279,0,1.279
"2015-01-12",1.2798,1.2841,1.2767,1.2794,0,1.2794
"2015-01-13",1.2822,1.289,1.277,1.2821,0,1.2821
"2015-01-14",1.2878,1.2927,1.2849,1.2877,0,1.2877
"2015-01-15",1.29247,1.3091,1.2867,1.2924,0,1.2924
"2015-01-16",1.3045,1.316,1.3034,1.30429,0,1.30429
"2015-01-19",1.3094,1.3104,1.3028,1.3093,0,1.3093
"2015-01-20",1.3011,1.31264,1.2995,1.3012,0,1.3012
"2015-01-21",1.31146,1.3124,1.2964,1.3116,0,1.3116
"2015-01-22",1.3037,1.3213,1.30368,1.3041,0,1.3041
"2015-01-23",1.3222,1.3457,1.3189,1.3227,0,1.3227
"2015-01-26",1.3459,1.3459,1.3319,1.3468,0,1.3468
"2015-01-27",1.3408,1.34459,1.3314,1.34076,0,1.34076
"2015-01-28",1.336,1.3419,1.334,1.3358,0,1.3358
"2015-01-29",1.3417,1.3435,1.3284,1.3417,0,1.3417
"2015-01-30",1.3299,1.3331,1.327,1.3302,0,1.3302
"2015-02-02",1.3341,1.3347,1.3231,1.334,0,1.334
"2015-02-03",1.3253,1.3287,1.3189,1.325,0,1.325
"2015-02-04",1.3216,1.3353,1.32,1.3214,0,1.3214
"2015-02-05",1.3408,1.341,1.3311,1.34074,0,1.34074
"2015-02-06",1.3355,1.3471,1.3355,1.3356,0,1.3356
"2015-02-09",1.3467,1.3487,1.3401,1.3465,0,1.3465
"2015-02-10",1.3433,1.3495,1.3428,1.3434,0,1.3434
"2015-02-11",1.348,1.3536,1.3462,1.3479,0,1.3479
"2015-02-12",1.3474,1.3561,1.34137,1.3475,0,1.3475
"2015-02-13",1.3494,1.3518,1.345,1.3494,0,1.3494
"2015-02-16",1.3513,1.3526,1.3462,1.3515,0,1.3515
"2015-02-17",1.3545,1.3558,1.3434,1.3547,0,1.3547
"2015-02-18",1.3462,1.3596,1.34536,1.3462,0,1.3462
"2015-02-19",1.3538,1.3586,1.3496,1.3538,0,1.3538
"2015-02-20",1.3565,1.3622,1.3522,1.3564,0,1.3564
"2015-02-23",1.3521,1.3617,1.3502,1.352,0,1.352
"2015-02-24",1.3632,1.3665,1.3607,1.36318,0,1.36318
"2015-02-25",1.3627,1.3668,1.3617,1.3629,0,1.3629
"2015-02-26",1.3663,1.3751,1.3649,1.3662,0,1.3662
"2015-02-27",1.3757,1.378,1.3702,1.3758,0,1.3758
"2015-03-02",1.3797,1.3803,1.3694,1.38009,0,1.38009
"2015-03-03",1.3739,1.3774,1.3721,1.3739,0,1.3739
"2015-03-04",1.3739,1.3815,1.3733,1.374,0,1.374
"2015-03-05",1.3775,1.3836,1.3728,1.37739,0,1.37739
"2015-03-06",1.382,1.3918,1.3811,1.382,0,1.382
"2015-03-09",1.3883,1.3922,1.3851,1.38823,0,1.38823
"2015-03-10",1.3941,1.409,1.39321,1.394,0,1.394
"2015-03-11",1.408,1.4254,1.4072,1.4081,0,1.4081
"2015-03-12",1.4156,1.4211,1.4026,1.4159,0,1.4159
"2015-03-13",1.4015,1.4053,1.3943,1.4016,0,1.4016
"2015-03-16",1.407,1.407,1.3957,1.4075,0,1.4075
"2015-03-17",1.40221,1.4045,1.3857,1.402,0,1.402
"2015-03-18",1.3921,1.3944,1.3784,1.3918,0,1.3918
"2015-03-19",1.37919,1.3976,1.3746,1.37876,0,1.37876
"2015-03-20",1.3829,1.384,1.3764,1.3833,0,1.3833
"2015-03-23",1.3802,1.3833,1.364,1.3805,0,1.3805
"2015-03-24",1.366,1.3689,1.3562,1.3656,0,1.3656
"2015-03-25",1.3601,1.3616,1.3541,1.3603,0,1.3603
"2015-03-26",1.3568,1.3597,1.354,1.35682,0,1.35682
"2015-03-27",1.3645,1.3758,1.3636,1.3646,0,1.3646
"2015-03-29",1.3675,1.3707,1.3628,1.3675,0,1.3675
"2015-03-30",1.3672,1.3833,1.3656,1.3673,0,1.3673
"2015-03-31",1.38055,1.3823,1.3703,1.3809,0,1.3809
"2015-04-01",1.3772,1.3785,1.3614,1.3773,0,1.3773
"2015-04-02",1.364,1.3649,1.3549,1.364,0,1.364
"2015-04-05",1.3568,1.3607,1.3563,1.3569,0,1.3569
"2015-04-06",1.3614,1.3725,1.3603,1.36151,0,1.36151
"2015-04-07",1.3694,1.3831,1.3669,1.3693,0,1.3693
"2015-04-08",1.3792,1.3821,1.3744,1.37918,0,1.37918
"2015-04-09",1.3793,1.3839,1.3771,1.3794,0,1.3794
"2015-04-12",1.3799,1.3879,1.375,1.3799,0,1.3799
"2015-04-13",1.38735,1.3922,1.3822,1.3872,0,1.3872
"2015-04-14",1.38732,1.3951,1.3854,1.38709,0,1.38709
"2015-04-15",1.38861,1.3954,1.38305,1.3888,0,1.3888
"2015-04-16",1.3874,1.3943,1.385,1.3869,0,1.3869
"2015-04-19",1.3843,1.3913,1.384,1.38428,0,1.38428
"2015-04-20",1.3869,1.3944,1.3864,1.38696,0,1.38696
"2015-04-21",1.39,1.4034,1.38751,1.39004,0,1.39004
"2015-04-22",1.4017,1.4046,1.3914,1.40191,0,1.40191
"2015-04-23",1.39159,1.3986,1.386,1.39162,0,1.39162
"2015-04-26",1.39628,1.3991,1.394,1.39619,0,1.39619
"2015-04-27",1.3994,1.4016,1.3943,1.3994,0,1.3994
"2015-04-28",1.3973,1.4008,1.3848,1.3978,0,1.3978
"2015-04-29",1.388,1.391,1.3705,1.3879,0,1.3879
"2015-04-30",1.3691,1.3696,1.3475,1.3692,0,1.3692
"2015-05-03",1.3541,1.3599,1.3518,1.3538,0,1.3538
"2015-05-04",1.3562,1.3668,1.3562,1.3562,0,1.3562
"2015-05-05",1.3564,1.3571,1.3428,1.3564,0,1.3564
"2015-05-06",1.3437,1.3508,1.3362,1.3437,0,1.3437
"2015-05-07",1.369,1.3834,1.3673,1.3695,0,1.3695
"2015-05-10",1.3789,1.3997,1.3782,1.37853,0,1.37853
"2015-05-11",1.3976,1.3979,1.3838,1.39754,0,1.39754
"2015-05-12",1.3969,1.4033,1.3834,1.3963,0,1.3963
"2015-05-13",1.3866,1.3876,1.38,1.3866,0,1.3866
"2015-05-14",1.3831,1.3874,1.3795,1.383,0,1.383
"2015-05-17",1.3752,1.382,1.3726,1.3753,0,1.3753
"2015-05-18",1.3829,1.3981,1.3826,1.3829,0,1.3829
"2015-05-19",1.3919,1.4028,1.3914,1.3918,0,1.3918
"2015-05-20",1.3997,1.41,1.3954,1.4,0,1.4
"2015-05-21",1.4095,1.4096,1.396,1.40941,0,1.40941
"2015-05-24",1.4077,1.4134,1.4074,1.4076,0,1.4076
"2015-05-25",1.41,1.4153,1.4084,1.4102,0,1.4102
"2015-05-26",1.4138,1.4168,1.40582,1.4141,0,1.4141
"2015-05-27",1.4082,1.4088,1.3982,1.4083,0,1.4083
"2015-05-28",1.3974,1.4002,1.3887,1.3975,0,1.3975
"2015-05-31",1.395,1.3992,1.3897,1.3949,0,1.3949
"2015-06-01",1.3911,1.3926,1.3705,1.3914,0,1.3914
"2015-06-02",1.3754,1.3786,1.3592,1.3757,0,1.3757
"2015-06-03",1.361,1.3658,1.3543,1.3611,0,1.3611
"2015-06-04",1.3702,1.3752,1.3585,1.3705,0,1.3705
"2015-06-07",1.3744,1.3761,1.3591,1.3743,0,1.3743
"2015-06-08",1.36,1.3636,1.3534,1.3599,0,1.3599
"2015-06-09",1.3623,1.3758,1.3581,1.3624,0,1.3624
"2015-06-10",1.3704,1.381,1.367,1.36992,0,1.36992
"2015-06-11",1.37945,1.3891,1.3778,1.37946,0,1.37946
"2015-06-14",1.3868,1.3877,1.3794,1.3868,0,1.3868
"2015-06-15",1.3832,1.3933,1.3789,1.383,0,1.383
"2015-06-16",1.391,1.399,1.3865,1.3909,0,1.3909
"2015-06-17",1.3945,1.3973,1.3917,1.3938,0,1.3938
"2015-06-18",1.3962,1.4031,1.3958,1.3961,0,1.3961
"2015-06-21",1.3971,1.4012,1.387,1.3968,0,1.3968
"2015-06-22",1.3948,1.4119,1.3938,1.3948,0,1.3948
"2015-06-23",1.4082,1.411,1.4022,1.4084,0,1.4084
"2015-06-24",1.4014,1.408,1.3988,1.4016,0,1.4016
"2015-06-25",1.4052,1.4127,1.403,1.4053,0,1.4053
"2015-06-28",1.4292,1.4298,1.409,1.4296,0,1.4296
"2015-06-29",1.4022,1.4122,1.4022,1.4021,0,1.4021
"2015-06-30",1.4085,1.4155,1.4029,1.4085,0,1.4085
"2015-07-01",1.4136,1.4137,1.4045,1.4137,0,1.4137
"2015-07-02",1.408,1.4089,1.402,1.40775,0,1.40775
"2015-07-05",1.414,1.4143,1.4043,1.4144,0,1.4144
"2015-07-06",1.4119,1.4151,1.4072,1.41167,0,1.41167
"2015-07-07",1.4046,1.4058,1.3843,1.4044,0,1.4044
"2015-07-08",1.3878,1.3958,1.3853,1.3884,0,1.3884
"2015-07-09",1.38962,1.3913,1.3839,1.3896,0,1.3896
"2015-07-12",1.3937,1.4105,1.3887,1.3939,0,1.3939
"2015-07-13",1.409,1.4154,1.4011,1.4087,0,1.4087
"2015-07-14",1.4205,1.4255,1.415,1.4202,0,1.4202
"2015-07-15",1.4286,1.4359,1.4282,1.4284,0,1.4284
"2015-07-16",1.4342,1.4412,1.4306,1.4342,0,1.4342
"2015-07-19",1.4406,1.4412,1.4328,1.4403,0,1.4403
"2015-07-20",1.4369,1.4392,1.4217,1.4369,0,1.4369
"2015-07-21",1.4221,1.4356,1.421,1.4222,0,1.4222
"2015-07-22",1.42897,1.4304,1.4136,1.4291,0,1.4291
"2015-07-23",1.4122,1.4168,1.4096,1.4124,0,1.4124
"2015-07-26",1.4145,1.4145,1.397,1.41449,0,1.41449
"2015-07-27",1.40331,1.4138,1.4022,1.4032,0,1.4032
"2015-07-28",1.41042,1.4211,1.40848,1.4105,0,1.4105
"2015-07-29",1.4203,1.431,1.4202,1.4201,0,1.4201
"2015-07-30",1.4261,1.4277,1.4088,1.4261,0,1.4261
"2015-08-02",1.42414,1.4259,1.4203,1.42427,0,1.42427
"2015-08-03",1.4234,1.4256,1.41921,1.4231,0,1.4231
"2015-08-04",1.4299,1.4383,1.4295,1.4296,0,1.4296
"2015-08-05",1.431,1.4346,1.4192,1.4309,0,1.4309
"2015-08-06",1.4201,1.4247,1.4106,1.42,0,1.42
"2015-08-09",1.413,1.4167,1.409,1.4129,0,1.4129
"2015-08-10",1.4147,1.4204,1.4047,1.4146,0,1.4146
"2015-08-11",1.4111,1.4116,1.3947,1.4112,0,1.4112
"2015-08-12",1.3993,1.4079,1.3975,1.3992,0,1.3992
"2015-08-13",1.3993,1.4063,1.3969,1.3992,0,1.3992
"2015-08-16",1.4103,1.41504,1.4056,1.4107,0,1.4107
"2015-08-17",1.4068,1.42314,1.4051,1.40656,0,1.40656
"2015-08-18",1.42,1.4208,1.41353,1.4199,0,1.4199
"2015-08-19",1.4104,1.4104,1.398,1.4102,0,1.4102
"2015-08-20",1.3963,1.3981,1.3798,1.3963,0,1.3963
"2015-08-23",1.3776,1.3778,1.3481,1.3779,0,1.3779
"2015-08-24",1.3607,1.3771,1.3607,1.3606,0,1.3606
"2015-08-25",1.3585,1.3709,1.3578,1.3585,0,1.3585
"2015-08-26",1.3649,1.3734,1.3633,1.3652,0,1.3652
"2015-08-27",1.3702,1.37544,1.3597,1.37,0,1.37
"2015-08-30",1.3748,1.3764,1.37,1.3747,0,1.3747
"2015-08-31",1.3685,1.3687,1.3563,1.36839,0,1.36839
"2015-09-01",1.3545,1.3633,1.3536,1.3549,0,1.3549
"2015-09-02",1.3649,1.3739,1.3567,1.3648,0,1.3648
"2015-09-03",1.3716,1.3722,1.36361,1.3714,0,1.3714
"2015-09-06",1.3621,1.3696,1.3591,1.3626,0,1.3626
"2015-09-07",1.3689,1.38078,1.3643,1.3685,0,1.3685
"2015-09-08",1.37356,1.3809,1.3705,1.3739,0,1.3739
"2015-09-09",1.3688,1.38022,1.3663,1.3687,0,1.3687
"2015-09-10",1.3684,1.3704,1.3603,1.3681,0,1.3681
"2015-09-13",1.3617,1.36489,1.359,1.3617,0,1.3617
"2015-09-14",1.3638,1.3671,1.3595,1.364,0,1.364
"2015-09-15",1.3612,1.37576,1.35867,1.3612,0,1.3612
"2015-09-16",1.3736,1.3742,1.3671,1.3741,0,1.3741
"2015-09-17",1.3653,1.3712,1.3624,1.3654,0,1.3654
"2015-09-20",1.3753,1.3859,1.3725,1.3751,0,1.3751
"2015-09-21",1.3858,1.3891,1.3779,1.38558,0,1.38558
"2015-09-22",1.3802,1.3818,1.3631,1.3804,0,1.3804
"2015-09-23",1.363,1.3654,1.3494,1.3628,0,1.3628
"2015-09-24",1.362,1.369,1.3522,1.362,0,1.362
"2015-09-27",1.3571,1.3623,1.3528,1.3571,0,1.3571
"2015-09-28",1.35,1.35446,1.3446,1.35,0,1.35
"2015-09-29",1.3463,1.358,1.3456,1.3466,0,1.3466
"2015-09-30",1.3535,1.3592,1.3518,1.3537,0,1.3537
"2015-10-01",1.3523,1.35932,1.3436,1.3521,0,1.3521
"2015-10-04",1.3534,1.35553,1.3471,1.3532,0,1.3532
"2015-10-05",1.3532,1.3566,1.3501,1.3534,0,1.3534
"2015-10-06",1.3511,1.36333,1.3504,1.3512,0,1.3512
"2015-10-07",1.3625,1.3628,1.3552,1.3625,0,1.3625
"2015-10-08",1.36,1.3629,1.346,1.3601,0,1.3601
"2015-10-11",1.3477,1.35166,1.3466,1.3476,0,1.3476
"2015-10-12",1.3504,1.3525,1.3344,1.3504,0,1.3504
"2015-10-13",1.3398,1.3508,1.33797,1.34,0,1.34
"2015-10-14",1.3485,1.35877,1.3469,1.3487,0,1.3487
"2015-10-15",1.3609,1.3625,1.3573,1.36085,0,1.36085
"2015-10-18",1.3586,1.3688,1.3562,1.3589,0,1.3589
"2015-10-19",1.3656,1.36704,1.3594,1.3655,0,1.3655
"2015-10-20",1.3602,1.3634,1.3561,1.3604,0,1.3604
"2015-10-21",1.359,1.3828,1.3588,1.3591,0,1.3591
"2015-10-22",1.388,1.3944,1.3826,1.3882,0,1.3882
"2015-10-26",1.3897,1.39282,1.3868,1.3897,0,1.3897
"2015-10-27",1.3881,1.3902,1.3837,1.3882,0,1.3882
"2015-10-28",1.3876,1.3881,1.3792,1.3876,0,1.3876
"2015-10-29",1.3977,1.3996,1.3904,1.3974,0,1.3974
"2015-10-30",1.394,1.3972,1.3889,1.3936,0,1.3936
"2015-11-02",1.4005,1.4064,1.3966,1.4005,0,1.4005
"2015-11-03",1.4,1.4063,1.399,1.3999,0,1.3999
"2015-11-04",1.4064,1.4173,1.4062,1.4064,0,1.4064
"2015-11-05",1.4162,1.4196,1.3987,1.416,0,1.416
"2015-11-06",1.3973,1.4052,1.3893,1.39726,0,1.39726
"2015-11-09",1.4027,1.4064,1.3977,1.4022,0,1.4022
"2015-11-10",1.405,1.4147,1.403,1.40504,0,1.40504
"2015-11-11",1.4096,1.4174,1.4079,1.40956,0,1.40956
"2015-11-12",1.4141,1.4196,1.4098,1.4142,0,1.4142
"2015-11-13",1.4091,1.4198,1.4087,1.4086,0,1.4086
"2015-11-16",1.422,1.4221,1.4126,1.4221,0,1.4221
"2015-11-17",1.4222,1.4283,1.4217,1.4222,0,1.4222
"2015-11-18",1.4295,1.4301,1.4244,1.4295,0,1.4295
"2015-11-19",1.4278,1.43193,1.4246,1.4281,0,1.4281
"2015-11-20",1.425,1.4313,1.4244,1.425,0,1.425
"2015-11-23",1.4277,1.4299,1.4224,1.4275,0,1.4275
"2015-11-24",1.4219,1.4252,1.4124,1.4216,0,1.4216
"2015-11-25",1.4167,1.42774,1.4124,1.41697,0,1.41697
"2015-11-26",1.4235,1.42464,1.4196,1.4233,0,1.4233
"2015-11-27",1.4237,1.4246,1.41842,1.4237,0,1.4237
"2015-11-30",1.4207,1.425,1.418,1.4208,0,1.4208
"2015-12-01",1.4244,1.42704,1.4184,1.4243,0,1.4243
"2015-12-02",1.4186,1.42202,1.4137,1.4187,0,1.4187
"2015-12-03",1.4086,1.41681,1.382,1.4085,0,1.4085
"2015-12-04",1.3859,1.3925,1.3818,1.3861,0,1.3861
"2015-12-07",1.3884,1.3955,1.3883,1.3884,0,1.3884
"2015-12-08",1.3889,1.389,1.3736,1.3889,0,1.3889
"2015-12-09",1.3778,1.38462,1.3746,1.3777,0,1.3777
"2015-12-10",1.3779,1.3877,1.3749,1.378,0,1.378
"2015-12-11",1.38462,1.387,1.3791,1.3846,0,1.3846
"2015-12-14",1.3836,1.3872,1.3709,1.3836,0,1.3836
"2015-12-15",1.3789,1.38561,1.36949,1.3788,0,1.3788
"2015-12-16",1.3757,1.3773,1.3708,1.3754,0,1.3754
"2015-12-17",1.377,1.3801,1.3704,1.3769,0,1.3769
"2015-12-18",1.3767,1.38072,1.3723,1.3766,0,1.3766
"2015-12-21",1.3713,1.3734,1.36335,1.3712,0,1.3712
"2015-12-22",1.3647,1.36586,1.3511,1.3651,0,1.3651
"2015-12-23",1.3535,1.36599,1.3534,1.3534,0,1.3534
"2015-12-24",1.363,1.366,1.3567,1.3633,0,1.3633
"2015-12-25",1.36042,1.36473,1.3589,1.36042,0,1.36042
"2015-12-28",1.3609,1.3613,1.3555,1.3612,0,1.3612
"2015-12-29",1.3567,1.35993,1.3497,1.3565,0,1.3565
"2015-12-30",1.3563,1.35951,1.3536,1.3563,0,1.3563
"2015-12-31",1.3548,1.36292,1.3541,1.35489,0,1.35489
"2016-01-01",1.3571,1.3571,1.3571,1.3571,0,1.3571
"2016-01-04",1.3577,1.3596,1.348,1.3575,0,1.3575
"2016-01-05",1.3591,1.3672,1.3577,1.359,0,1.359
"2016-01-06",1.3648,1.36591,1.35673,1.3646,0,1.3646
"2016-01-07",1.3569,1.358,1.3387,1.3573,0,1.3573
"2016-01-08",1.3381,1.34718,1.3326,1.3385,0,1.3385
"2016-01-11",1.3278,1.3434,1.326,1.3274,0,1.3274
"2016-01-12",1.3394,1.3416,1.3248,1.3394,0,1.3394
"2016-01-13",1.33103,1.3387,1.3268,1.3312,0,1.3312
"2016-01-14",1.3236,1.3287,1.3147,1.3234,0,1.3234
"2016-01-15",1.3283,1.3283,1.3061,1.3283,0,1.3283
"2016-01-18",1.307,1.3163,1.3051,1.3069,0,1.3069
"2016-01-19",1.3081,1.3184,1.2964,1.308,0,1.308
"2016-01-20",1.2994,1.3034,1.2894,1.2995,0,1.2995
"2016-01-21",1.3055,1.3088,1.2916,1.3053,0,1.3053
"2016-01-22",1.31,1.3285,1.3094,1.3098,0,1.3098
"2016-01-25",1.3199,1.3238,1.3142,1.3202,0,1.3202
"2016-01-26",1.3121,1.3218,1.3049,1.3122,0,1.3122
"2016-01-27",1.32012,1.3217,1.3086,1.32008,0,1.32008
"2016-01-28",1.3064,1.31647,1.3049,1.3062,0,1.3062
"2016-01-29",1.3129,1.3218,1.3072,1.3129,0,1.3129
"2016-02-01",1.3156,1.3198,1.3116,1.3156,0,1.3156
"2016-02-02",1.3237,1.3245,1.3129,1.3238,0,1.3238
"2016-02-03",1.3193,1.3285,1.3142,1.3193,0,1.3193
"2016-02-04",1.3147,1.3166,1.2987,1.3148,0,1.3148
"2016-02-05",1.3016,1.3034,1.296,1.3018,0,1.3018
"2016-02-08",1.3017,1.30498,1.2893,1.30175,0,1.30175
"2016-02-09",1.2899,1.293,1.2739,1.2899,0,1.2899
"2016-02-10",1.2809,1.2959,1.2789,1.2812,0,1.2812
"2016-02-11",1.2868,1.2889,1.2663,1.2873,0,1.2873
"2016-02-12",1.2794,1.2908,1.2775,1.2792,0,1.2792
"2016-02-15",1.2934,1.2987,1.291,1.2932,0,1.2932
"2016-02-16",1.2931,1.2992,1.2799,1.2929,0,1.2929
"2016-02-17",1.2833,1.2881,1.2748,1.2833,0,1.2833
"2016-02-18",1.2837,1.2971,1.2794,1.2839,0,1.2839
"2016-02-19",1.2899,1.292,1.2832,1.2899,0,1.2899
"2016-02-22",1.2822,1.2867,1.2758,1.2822,0,1.2822
"2016-02-23",1.2831,1.2857,1.27667,1.283,0,1.283
"2016-02-24",1.2704,1.2729,1.2632,1.2708,0,1.2708
"2016-02-25",1.2645,1.2688,1.2614,1.2645,0,1.2645
"2016-02-26",1.2668,1.2745,1.2621,1.2666,0,1.2666
"2016-02-29",1.2687,1.2831,1.2663,1.2689,0,1.2689
"2016-03-01",1.2792,1.2885,1.2787,1.2792,0,1.2792
"2016-03-02",1.2833,1.2991,1.28,1.2838,0,1.2838
"2016-03-03",1.2952,1.2977,1.2903,1.2952,0,1.2952
"2016-03-04",1.2946,1.2949,1.2865,1.2944,0,1.2944
"2016-03-07",1.2927,1.2941,1.2904,1.2926,0,1.2926
"2016-03-08",1.2947,1.2948,1.2832,1.2944,0,1.2944
"2016-03-09",1.2912,1.2984,1.2904,1.2909,0,1.2909
"2016-03-10",1.293,1.3058,1.2805,1.2929,0,1.2929
"2016-03-11",1.2778,1.2904,1.2742,1.2782,0,1.2782
"2016-03-14",1.2876,1.2924,1.287,1.2876,0,1.2876
"2016-03-15",1.286,1.2868,1.2742,1.2862,0,1.2862
"2016-03-16",1.2742,1.2746,1.2683,1.2743,0,1.2743
"2016-03-17",1.2704,1.2803,1.264,1.2705,0,1.2705
"2016-03-18",1.2791,1.285,1.277,1.27898,0,1.27898
"2016-03-21",1.2825,1.2825,1.2758,1.2826,0,1.2826
"2016-03-22",1.2785,1.2795,1.2648,1.2786,0,1.2786
"2016-03-23",1.2673,1.2684,1.2615,1.2674,0,1.2674
"2016-03-24",1.2625,1.2671,1.2586,1.2626,0,1.2626
"2016-03-25",1.26546,1.26729,1.26366,1.26503,0,1.26503
"2016-03-27",1.2661,1.2741,1.265,1.2661,0,1.2661
"2016-03-28",1.2729,1.2762,1.2703,1.2729,0,1.2729
"2016-03-29",1.2739,1.276,1.2699,1.2739,0,1.2739
"2016-03-30",1.268,1.269,1.2586,1.2679,0,1.2679
"2016-03-31",1.2624,1.2625,1.2468,1.2623,0,1.2623
"2016-04-03",1.2482,1.256,1.2473,1.2482,0,1.2482
"2016-04-04",1.2524,1.2527,1.2418,1.2524,0,1.2524
"2016-04-05",1.2437,1.246,1.2339,1.2436,0,1.2436
"2016-04-06",1.2395,1.2425,1.232,1.2394,0,1.2394
"2016-04-07",1.2359,1.242,1.2355,1.2359,0,1.2359
"2016-04-10",1.239,1.2506,1.23627,1.2387,0,1.2387
"2016-04-11",1.24713,1.2558,1.2456,1.24696,0,1.24696
"2016-04-12",1.2533,1.2612,1.2524,1.253,0,1.253
"2016-04-13",1.258,1.2587,1.25262,1.2581,0,1.2581
"2016-04-14",1.2551,1.25932,1.2537,1.255,0,1.255
"2016-04-17",1.255,1.2617,1.2509,1.2546,0,1.2546
"2016-04-18",1.26305,1.2684,1.2618,1.26334,0,1.26334
"2016-04-19",1.2665,1.2708,1.2634,1.2666,0,1.2666
"2016-04-20",1.2682,1.2726,1.2661,1.2684,0,1.2684
"2016-04-21",1.2685,1.2826,1.2682,1.2683,0,1.2683
"2016-04-24",1.28594,1.2892,1.28,1.28564,0,1.28564
"2016-04-25",1.2856,1.2926,1.2853,1.2856,0,1.2856
"2016-04-26",1.29,1.2918,1.2845,1.2901,0,1.2901
"2016-04-27",1.2835,1.2892,1.2813,1.28326,0,1.28326
"2016-04-28",1.2864,1.2874,1.2759,1.2863,0,1.2863
"2016-05-01",1.27385,1.2782,1.2712,1.2737,0,1.2737
"2016-05-02",1.27215,1.2747,1.26245,1.27216,0,1.27216
"2016-05-03",1.2648,1.2665,1.25821,1.26472,0,1.26472
"2016-05-04",1.262,1.27163,1.2618,1.262,0,1.262
"2016-05-05",1.27055,1.27112,1.26295,1.27062,0,1.27062
"2016-05-08",1.26675,1.27078,1.2612,1.26676,0,1.26676
"2016-05-09",1.26583,1.2702,1.2647,1.26571,0,1.26571
"2016-05-10",1.27032,1.27104,1.26257,1.27024,0,1.27024
"2016-05-11",1.26337,1.27419,1.26266,1.2631,0,1.2631
"2016-05-12",1.26972,1.2721,1.26838,1.26965,0,1.26965
"2016-05-15",1.2678,1.27196,1.26673,1.2676,0,1.2676
"2016-05-16",1.2762,1.2815,1.27276,1.27661,0,1.27661
"2016-05-17",1.27757,1.2963,1.27669,1.27727,0,1.27727
"2016-05-18",1.3002,1.307,1.29798,1.3002,0,1.3002
"2016-05-19",1.3029,1.3035,1.29394,1.30268,0,1.30268
"2016-05-22",1.2908,1.29748,1.28951,1.291,0,1.291
"2016-05-23",1.29096,1.31237,1.2905,1.29112,0,1.29112
"2016-05-24",1.31218,1.3215,1.3087,1.31181,0,1.31181
"2016-05-25",1.3171,1.31918,1.31,1.31706,0,1.31706
"2016-05-26",1.31011,1.3149,1.30792,1.31,0,1.31
"2016-05-29",1.31615,1.31731,1.31004,1.31624,0,1.31624
"2016-05-30",1.3123,1.31996,1.30392,1.31225,0,1.31225
"2016-05-31",1.30053,1.3032,1.28843,1.30031,0,1.30031
"2016-06-01",1.28828,1.2949,1.28589,1.28856,0,1.28856
"2016-06-02",1.29156,1.2949,1.28011,1.29155,0,1.29155
"2016-06-05",1.26766,1.27312,1.26569,1.26703,0,1.26703
"2016-06-06",1.27213,1.2855,1.2719,1.27216,0,1.27216
"2016-06-07",1.2799,1.28246,1.275,1.28017,0,1.28017
"2016-06-08",1.27257,1.28045,1.26938,1.27274,0,1.27274
"2016-06-09",1.27831,1.28025,1.2677,1.27814,0,1.27814
"2016-06-12",1.26233,1.2676,1.25215,1.26214,0,1.26214
"2016-06-13",1.25821,1.2638,1.2544,1.25811,0,1.25811
"2016-06-14",1.25913,1.26669,1.2588,1.25943,0,1.25943
"2016-06-15",1.2599,1.2655,1.25146,1.26021,0,1.26021
"2016-06-16",1.26795,1.27142,1.26416,1.26967,0,1.26967
"2016-06-19",1.28468,1.299,1.28044,1.28479,0,1.28479
"2016-06-20",1.29564,1.30578,1.2911,1.29575,0,1.29575
"2016-06-21",1.30334,1.30585,1.29845,1.30368,0,1.30368
"2016-06-22",1.30518,1.31138,1.29753,1.3052,0,1.3052
"2016-06-23",1.28429,1.29054,1.20267,1.28443,0,1.28443
"2016-06-26",1.21734,1.21876,1.19631,1.21788,0,1.21788
"2016-06-27",1.20059,1.21083,1.199,1.20121,0,1.20121
"2016-06-28",1.20516,1.2183,1.20163,1.20521,0,1.20521
"2016-06-29",1.2092,1.21311,1.19284,1.2101,0,1.2101
"2016-06-30",1.2003,1.2022,1.1898,1.1995,0,1.1995
"2016-07-03",1.1933,1.1967,1.1903,1.1932,0,1.1932
"2016-07-04",1.1916,1.19162,1.16972,1.1913,0,1.1913
"2016-07-05",1.17132,1.17487,1.161,1.17076,0,1.17076
"2016-07-06",1.16387,1.17738,1.16342,1.16425,0,1.16425
"2016-07-07",1.16659,1.17555,1.1659,1.16681,0,1.16681
"2016-07-10",1.17168,1.17821,1.1654,1.17186,0,1.17186
"2016-07-11",1.174,1.1964,1.17355,1.17358,0,1.17358
"2016-07-12",1.19949,1.20442,1.18579,1.20015,0,1.20015
"2016-07-13",1.18219,1.20954,1.1811,1.18208,0,1.18208
"2016-07-14",1.20227,1.20997,1.19317,1.20215,0,1.20215
"2016-07-17",1.19705,1.20138,1.19427,1.1964,0,1.1964
"2016-07-18",1.19802,1.1985,1.18974,1.19813,0,1.19813
"2016-07-19",1.18966,1.19873,1.18685,1.18977,0,1.18977
"2016-07-20",1.2018,1.20288,1.19268,1.2033,0,1.2033
"2016-07-21",1.1994,1.20441,1.18782,1.2003,0,1.2003
"2016-07-24",1.19613,1.19908,1.19285,1.19646,0,1.19646
"2016-07-25",1.19232,1.1968,1.18681,1.19223,0,1.19223
"2016-07-26",1.1965,1.19731,1.1886,1.1966,0,1.1966
"2016-07-27",1.19535,1.19619,1.18321,1.19546,0,1.19546
"2016-07-28",1.18743,1.19141,1.17959,1.18702,0,1.18702
"2016-07-31",1.18343,1.18763,1.17799,1.18308,0,1.18308
"2016-08-01",1.1805,1.1869,1.1776,1.18029,0,1.18029
"2016-08-02",1.1886,1.19332,1.1858,1.18852,0,1.18852
"2016-08-03",1.19507,1.1983,1.17675,1.19477,0,1.19477
"2016-08-04",1.17864,1.18126,1.17565,1.17889,0,1.17889
"2016-08-07",1.17899,1.18041,1.17514,1.17988,0,1.17988
"2016-08-08",1.1754,1.1754,1.16721,1.17543,0,1.17543
"2016-08-09",1.17015,1.17367,1.16302,1.16963,0,1.16963
"2016-08-10",1.16385,1.1656,1.15944,1.16365,0,1.16365
"2016-08-11",1.16283,1.1648,1.15623,1.16265,0,1.16265
"2016-08-14",1.1561,1.1597,1.1488,1.1558,0,1.1558
"2016-08-15",1.15166,1.1546,1.1459,1.1517,0,1.1517
"2016-08-16",1.15516,1.1585,1.1528,1.15545,0,1.15545
"2016-08-17",1.1541,1.16363,1.1531,1.1539,0,1.1539
"2016-08-18",1.1597,1.1611,1.1502,1.1596,0,1.1596
"2016-08-21",1.1558,1.1611,1.1551,1.1555,0,1.1555
"2016-08-22",1.1604,1.1651,1.1586,1.1602,0,1.1602
"2016-08-23",1.1675,1.1781,1.1653,1.1674,0,1.1674
"2016-08-24",1.1751,1.176,1.1674,1.175,0,1.175
"2016-08-25",1.1685,1.1729,1.16737,1.1686,0,1.1686
"2016-08-28",1.17204,1.17204,1.1693,1.172,0,1.172
"2016-08-29",1.1709,1.17644,1.1691,1.1709,0,1.1709
"2016-08-30",1.1737,1.17986,1.1726,1.1737,0,1.1737
"2016-08-31",1.17684,1.1918,1.1765,1.1767,0,1.1767
"2016-09-01",1.1852,1.1935,1.1839,1.1851,0,1.1851
"2016-09-04",1.1911,1.1969,1.18945,1.1912,0,1.1912
"2016-09-05",1.1935,1.1991,1.1931,1.1934,0,1.1934
"2016-09-06",1.1925,1.1937,1.1865,1.1926,0,1.1926
"2016-09-07",1.1865,1.187,1.177,1.1866,0,1.1866
"2016-09-08",1.1806,1.1842,1.17864,1.1806,0,1.1806
"2016-09-11",1.18052,1.1863,1.1784,1.1805,0,1.1805
"2016-09-12",1.1861,1.1873,1.1716,1.1862,0,1.1862
"2016-09-13",1.1757,1.1785,1.1701,1.1757,0,1.1757
"2016-09-14",1.1788,1.1797,1.1712,1.1793,0,1.1793
"2016-09-15",1.1774,1.1778,1.1707,1.1778,0,1.1778
"2016-09-18",1.16599,1.1714,1.16599,1.16614,0,1.16614
"2016-09-19",1.1663,1.1675,1.1583,1.1666,0,1.1666
"2016-09-20",1.1638,1.1669,1.1618,1.1637,0,1.1637
"2016-09-21",1.1645,1.1678,1.161,1.1647,0,1.1647
"2016-09-22",1.16702,1.1673,1.1525,1.1671,0,1.1671
"2016-09-25",1.1546,1.1562,1.1469,1.1544,0,1.1544
"2016-09-26",1.15243,1.161,1.1499,1.15247,0,1.15247
"2016-09-27",1.1595,1.1636,1.1573,1.1598,0,1.1598
"2016-09-28",1.1615,1.1623,1.1535,1.1614,0,1.1614
"2016-09-29",1.1553,1.1619,1.1541,1.1553,0,1.1553
"2016-10-02",1.1508,1.1522,1.1433,1.1508,0,1.1508
"2016-10-03",1.1466,1.1479,1.136,1.1465,0,1.1465
"2016-10-04",1.1353,1.1392,1.1307,1.1355,0,1.1355
"2016-10-05",1.1378,1.1378,1.1295,1.1379,0,1.1379
"2016-10-06",1.11213,1.1227,1.0986,1.11225,0,1.11225
"2016-10-09",1.1103,1.1131,1.1059,1.1105,0,1.1105
"2016-10-10",1.108,1.1112,1.103,1.1075,0,1.1075
"2016-10-11",1.1095,1.1148,1.1046,1.1099,0,1.1099
"2016-10-12",1.1066,1.1079,1.1027,1.1065,0,1.1065
"2016-10-13",1.1064,1.1137,1.10526,1.106,0,1.106
"2016-10-16",1.11,1.1102,1.1039,1.1105,0,1.1105
"2016-10-17",1.1098,1.1216,1.1086,1.10929,0,1.10929
"2016-10-18",1.1206,1.1233,1.1164,1.1206,0,1.1206
"2016-10-19",1.1199,1.12097,1.1083,1.1195,0,1.1195
"2016-10-20",1.121,1.1248,1.1184,1.1212,0,1.1212
"2016-10-23",1.1226,1.1246,1.1205,1.1224,0,1.1224
"2016-10-24",1.1239,1.12438,1.1135,1.1237,0,1.1237
"2016-10-25",1.1182,1.1211,1.1155,1.1182,0,1.1182
"2016-10-26",1.1213,1.123,1.1136,1.1212,0,1.1212
"2016-10-27",1.1165,1.11765,1.1092,1.1163,0,1.1163
"2016-10-31",1.11113,1.11308,1.1089,1.1116,0,1.1116
"2016-11-01",1.1148,1.1172,1.1063,1.1149,0,1.1149
"2016-11-02",1.10648,1.113,1.105,1.1067,0,1.1067
"2016-11-03",1.1087,1.1283,1.1081,1.1085,0,1.1085
"2016-11-04",1.1227,1.1286,1.1213,1.1229,0,1.1229
"2016-11-07",1.125,1.1256,1.1187,1.1249,0,1.1249
"2016-11-08",1.1217,1.12449,1.1192,1.1217,0,1.1217
"2016-11-09",1.1238,1.1377,1.1078,1.124,0,1.124
"2016-11-10",1.1369,1.1478,1.13294,1.137,0,1.137
"2016-11-11",1.1526,1.1668,1.1504,1.1528,0,1.1528
"2016-11-14",1.1617,1.1649,1.1577,1.1612,0,1.1612
"2016-11-15",1.1646,1.1646,1.14849,1.1643,0,1.1643
"2016-11-16",1.1608,1.166,1.159,1.1609,0,1.1609
"2016-11-17",1.1617,1.1654,1.15956,1.1617,0,1.1617
"2016-11-18",1.1679,1.17243,1.158,1.1681,0,1.1681
"2016-11-21",1.1641,1.1762,1.1575,1.1642,0,1.1642
"2016-11-22",1.1741,1.1765,1.1679,1.174,0,1.174
"2016-11-23",1.1678,1.1773,1.16355,1.1681,0,1.1681
"2016-11-24",1.1785,1.1816,1.176,1.1788,0,1.1788
"2016-11-25",1.1789,1.18034,1.1701,1.1788,0,1.1788
"2016-11-28",1.1761,1.1761,1.1675,1.17602,0,1.17602
"2016-11-29",1.1681,1.1807,1.1681,1.1681,0,1.1681
"2016-11-30",1.1728,1.1767,1.1655,1.1728,0,1.1728
"2016-12-01",1.1814,1.1944,1.1783,1.1814,0,1.1814
"2016-12-02",1.1805,1.18946,1.1785,1.1805,0,1.1805
"2016-12-05",1.1981,1.2039,1.1838,1.197,0,1.197
"2016-12-06",1.183,1.1891,1.1824,1.18311,0,1.18311
"2016-12-07",1.1819,1.1822,1.1696,1.1818,0,1.1818
"2016-12-08",1.1734,1.1862,1.1675,1.17345,0,1.17345
"2016-12-09",1.18471,1.1935,1.1821,1.18451,0,1.18451
"2016-12-12",1.1938,1.1953,1.1862,1.1941,0,1.1941
"2016-12-13",1.1909,1.19832,1.1898,1.191,0,1.191
"2016-12-14",1.1912,1.19394,1.1871,1.1912,0,1.1912
"2016-12-15",1.19223,1.1989,1.1904,1.1921,0,1.1921
"2016-12-16",1.1921,1.19536,1.1867,1.1922,0,1.1922
"2016-12-19",1.1952,1.1955,1.1834,1.195,0,1.195
"2016-12-20",1.1904,1.1937,1.1867,1.1903,0,1.1903
"2016-12-21",1.1898,1.1898,1.1841,1.1896,0,1.1896
"2016-12-22",1.1845,1.1854,1.1749,1.1844,0,1.1844
"2016-12-23",1.1765,1.1772,1.171,1.1768,0,1.1768
"2016-12-26",1.1752,1.1764,1.1721,1.1752,0,1.1752
"2016-12-27",1.1738,1.17605,1.1711,1.1738,0,1.1738
"2016-12-28",1.1731,1.17711,1.1711,1.1731,0,1.1731
"2016-12-29",1.1731,1.1739,1.1652,1.1731,0,1.1731
"2016-12-30",1.1621,1.1738,1.1613,1.1615,0,1.1615
"2017-01-02",1.1722,1.177,1.1715,1.1723,0,1.1723
"2017-01-03",1.1741,1.1833,1.17219,1.1738,0,1.1738
"2017-01-04",1.17511,1.1788,1.17138,1.17501,0,1.17501
"2017-01-05",1.17381,1.17381,1.1652,1.17361,0,1.17361
"2017-01-06",1.1711,1.1714,1.164,1.171,0,1.171
"2017-01-09",1.1637,1.1644,1.1504,1.1638,0,1.1638
"2017-01-10",1.1494,1.1512,1.141,1.14948,0,1.14948
"2017-01-11",1.1532,1.1559,1.1491,1.1531,0,1.1531
"2017-01-12",1.1521,1.155,1.1458,1.1525,0,1.1525
"2017-01-13",1.1457,1.1481,1.1407,1.1457,0,1.1457
"2017-01-16",1.13252,1.14032,1.13,1.13252,0,1.13252
"2017-01-17",1.1355,1.1579,1.1344,1.13543,0,1.13543
"2017-01-18",1.15802,1.15817,1.1487,1.15802,0,1.15802
"2017-01-19",1.1534,1.1612,1.15222,1.15339,0,1.15339
"2017-01-20",1.15732,1.15835,1.153,1.15728,0,1.15728
"2017-01-23",1.1561,1.16338,1.154,1.15604,0,1.15604
"2017-01-24",1.16326,1.16616,1.15623,1.16324,0,1.16324
"2017-01-25",1.1678,1.17431,1.1656,1.16804,0,1.16804
"2017-01-26",1.17489,1.18014,1.17183,1.17494,0,1.17494
"2017-01-27",1.17893,1.17944,1.17133,1.17892,0,1.17892
"2017-01-30",1.17476,1.17768,1.16958,1.175,0,1.175
"2017-01-31",1.167,1.16982,1.15831,1.16698,0,1.16698
"2017-02-01",1.165,1.17719,1.1633,1.16526,0,1.16526
"2017-02-02",1.17573,1.17616,1.15961,1.1755,0,1.1755
"2017-02-03",1.16311,1.16618,1.1572,1.16324,0,1.16324
"2017-02-06",1.1573,1.16369,1.1573,1.15763,0,1.15763
"2017-02-07",1.1604,1.16469,1.15759,1.16037,0,1.16037
"2017-02-08",1.17005,1.17495,1.1691,1.17015,0,1.17015
"2017-02-09",1.17145,1.17701,1.16984,1.17153,0,1.17153
"2017-02-10",1.1723,1.17603,1.1695,1.1725,0,1.1725
"2017-02-13",1.17533,1.17902,1.1745,1.17544,0,1.17544
"2017-02-14",1.18145,1.18206,1.17233,1.18142,0,1.18142
"2017-02-15",1.17859,1.18106,1.17474,1.17867,0,1.17867
"2017-02-16",1.17565,1.1779,1.1707,1.17557,0,1.17557
"2017-02-17",1.17003,1.17349,1.1641,1.1698,0,1.1698
"2017-02-20",1.16959,1.17475,1.169,1.16995,0,1.16995
"2017-02-21",1.17541,1.18336,1.17468,1.17549,0,1.17549
"2017-02-22",1.18434,1.18996,1.18094,1.18441,0,1.18441
"2017-02-23",1.18,1.18488,1.1772,1.18017,0,1.18017
"2017-02-24",1.18608,1.18721,1.17965,1.18612,0,1.18612
"2017-02-27",1.17502,1.17684,1.17095,1.17477,0,1.17477
"2017-02-28",1.175,1.17546,1.17023,1.17509,0,1.17509
"2017-03-01",1.1711,1.17477,1.166,1.17108,0,1.17108
"2017-03-02",1.16447,1.16961,1.164,1.16472,0,1.16472
"2017-03-03",1.16797,1.16816,1.1571,1.16805,0,1.16805
"2017-03-06",1.15751,1.15917,1.15347,1.1577,0,1.1577
"2017-03-07",1.15659,1.15737,1.15166,1.15693,0,1.15693
"2017-03-08",1.1545,1.15547,1.15,1.15453,0,1.15453
"2017-03-09",1.1541,1.15504,1.1472,1.1543,0,1.1543
"2017-03-10",1.14885,1.14885,1.14084,1.14896,0,1.14896
"2017-03-13",1.13849,1.14715,1.1377,1.13848,0,1.13848
"2017-03-14",1.14597,1.14607,1.1383,1.1457,0,1.1457
"2017-03-15",1.14558,1.15204,1.1447,1.14547,0,1.14547
"2017-03-16",1.1435,1.15295,1.1418,1.1435,0,1.1435
"2017-03-17",1.14655,1.15189,1.14469,1.14637,0,1.14637
"2017-03-20",1.15256,1.15463,1.14987,1.15267,0,1.15267
"2017-03-21",1.15165,1.15536,1.14592,1.1516,0,1.1516
"2017-03-22",1.15435,1.15678,1.1497,1.15429,0,1.15429
"2017-03-23",1.15574,1.16194,1.1554,1.15587,0,1.15587
"2017-03-24",1.16063,1.16083,1.15444,1.1604,0,1.1604
"2017-03-26",1.15351,1.15922,1.1535,1.1533,0,1.1533
"2017-03-27",1.15611,1.16026,1.152,1.15612,0,1.15612
"2017-03-28",1.14818,1.15899,1.14491,1.14814,0,1.14814
"2017-03-29",1.15606,1.16585,1.1545,1.1559,0,1.1559
"2017-03-30",1.16735,1.17175,1.1633,1.16744,0,1.16744
"2017-04-02",1.17528,1.17566,1.17019,1.17517,0,1.17517
"2017-04-03",1.1702,1.17124,1.1647,1.1705,0,1.1705
"2017-04-04",1.16496,1.17181,1.164,1.16468,0,1.16468
"2017-04-05",1.16984,1.17473,1.1673,1.17,0,1.17
"2017-04-06",1.17137,1.17202,1.16564,1.17124,0,1.17124
"2017-04-09",1.16937,1.17296,1.1689,1.1693,0,1.1693
"2017-04-10",1.1719,1.17604,1.16979,1.17226,0,1.17226
"2017-04-11",1.17721,1.1795,1.17571,1.17711,0,1.17711
"2017-04-12",1.17592,1.17977,1.17592,1.176,0,1.176
"2017-04-13",1.17775,1.1796,1.1767,1.1778,0,1.1778
"2017-04-16",1.18142,1.18142,1.1777,1.18123,0,1.18123
"2017-04-17",1.17972,1.19329,1.17509,1.1796,0,1.1796
"2017-04-18",1.19715,1.1993,1.1942,1.19713,0,1.19713
"2017-04-19",1.19271,1.19566,1.1884,1.19281,0,1.19281
"2017-04-20",1.19466,1.19708,1.19268,1.19466,0,1.19466
"2017-04-23",1.17934,1.18291,1.17518,1.17943,0,1.17943
"2017-04-24",1.17585,1.17937,1.1725,1.17585,0,1.17585
"2017-04-25",1.1739,1.182,1.1719,1.17411,0,1.17411
"2017-04-26",1.1777,1.18809,1.1768,1.17752,0,1.17752
"2017-04-27",1.18648,1.18863,1.1815,1.18671,0,1.18671
"2017-04-30",1.18569,1.18687,1.1835,1.18555,0,1.18555
"2017-05-01",1.18213,1.18699,1.1785,1.18212,0,1.18212
"2017-05-02",1.18332,1.185,1.17963,1.1831,0,1.1831
"2017-05-03",1.1822,1.18243,1.17737,1.18205,0,1.18205
"2017-05-04",1.1768,1.18106,1.175,1.17696,0,1.17696
"2017-05-07",1.18244,1.18555,1.17932,1.18235,0,1.18235
"2017-05-08",1.18425,1.18991,1.1836,1.18438,0,1.18438
"2017-05-09",1.18917,1.19258,1.1878,1.18929,0,1.18929
"2017-05-10",1.18974,1.19066,1.18328,1.1895,0,1.1895
"2017-05-11",1.18626,1.18629,1.1779,1.18618,0,1.18618
"2017-05-14",1.17899,1.18221,1.17512,1.17901,0,1.17901
"2017-05-15",1.17481,1.17579,1.1634,1.17486,0,1.17486
"2017-05-16",1.16405,1.16788,1.1609,1.16422,0,1.16422
"2017-05-17",1.16265,1.17284,1.1611,1.1624,0,1.1624
"2017-05-18",1.16566,1.16685,1.16234,1.16595,0,1.16595
"2017-05-21",1.16117,1.16262,1.1559,1.1612,0,1.1612
"2017-05-22",1.156,1.15942,1.15268,1.15615,0,1.15615
"2017-05-23",1.15879,1.1623,1.15606,1.15886,0,1.15886
"2017-05-24",1.1552,1.15681,1.1536,1.15551,0,1.15551
"2017-05-25",1.153,1.15324,1.14287,1.15336,0,1.15336
"2017-05-28",1.14656,1.14925,1.1462,1.1465,0,1.1465
"2017-05-29",1.1509,1.15494,1.1491,1.15133,0,1.15133
"2017-05-30",1.14628,1.14881,1.1432,1.1465,0,1.1465
"2017-05-31",1.14557,1.15111,1.14223,1.14528,0,1.14528
"2017-06-01",1.14915,1.14968,1.14052,1.1491,0,1.1491
"2017-06-04",1.14091,1.14999,1.14066,1.14082,0,1.14082
"2017-06-05",1.14631,1.15018,1.14312,1.14655,0,1.14655
"2017-06-06",1.14506,1.15232,1.1443,1.1447,0,1.1447
"2017-06-07",1.15163,1.15413,1.14944,1.15157,0,1.15157
"2017-06-08",1.13756,1.14284,1.12911,1.13728,0,1.13728
"2017-06-11",1.13753,1.13871,1.12804,1.13729,0,1.13729
"2017-06-12",1.1311,1.13815,1.1298,1.1313,0,1.1313
"2017-06-13",1.1371,1.1404,1.13168,1.1371,0,1.1371
"2017-06-14",1.13721,1.14615,1.1352,1.13742,0,1.13742
"2017-06-15",1.14465,1.1467,1.14136,1.14437,0,1.14437
"2017-06-18",1.1402,1.14475,1.1395,1.14025,0,1.14025
"2017-06-19",1.14227,1.14418,1.13239,1.1423,0,1.1423
"2017-06-20",1.13429,1.1397,1.13058,1.1342,0,1.1342
"2017-06-21",1.13486,1.13566,1.13273,1.1346,0,1.1346
"2017-06-22",1.1371,1.14089,1.13589,1.1368,0,1.1368
"2017-06-25",1.13783,1.13972,1.135,1.13784,0,1.13784
"2017-06-26",1.13791,1.1384,1.12907,1.1374,0,1.1374
"2017-06-27",1.13013,1.13998,1.12605,1.13007,0,1.13007
"2017-06-28",1.137,1.13882,1.13528,1.13685,0,1.13685
"2017-06-29",1.13701,1.14079,1.1351,1.1371,0,1.1371
"2017-07-02",1.13925,1.14175,1.13765,1.13938,0,1.13938
"2017-07-03",1.13822,1.14075,1.13756,1.1383,0,1.1383
"2017-07-04",1.1384,1.14116,1.13523,1.1384,0,1.1384
"2017-07-05",1.13947,1.14183,1.13405,1.13959,0,1.13959
"2017-07-06",1.13538,1.13661,1.12878,1.13519,0,1.13519
"2017-07-09",1.13031,1.13199,1.1286,1.1302,0,1.1302
"2017-07-10",NA,NA,NA,NA,NA,NA
"2017-07-11",1.12058,1.13105,1.1177,1.12067,0,1.12067
"2017-07-12",1.12893,1.13582,1.1266,1.12901,0,1.12901
"2017-07-13",1.1351,1.14326,1.1342,1.13522,0,1.13522
"2017-07-16",1.14239,1.14343,1.1379,1.14237,0,1.14237
"2017-07-17",1.1372,1.13826,1.12375,1.13742,0,1.13742
"2017-07-18",1.12865,1.13245,1.12837,1.12882,0,1.12882
"2017-07-19",1.1299,1.13199,1.1143,1.13017,0,1.13017
"2017-07-20",1.11495,1.11831,1.112,1.11485,0,1.11485
"2017-07-23",1.11326,1.12086,1.1131,1.11315,0,1.11315
"2017-07-24",1.11913,1.11995,1.11614,1.11932,0,1.11932
"2017-07-25",1.11865,1.12287,1.1176,1.11857,0,1.11857
"2017-07-26",1.11794,1.1244,1.11716,1.1179,0,1.1179
"2017-07-27",1.11837,1.11985,1.1147,1.1184,0,1.1184
"2017-07-30",1.11875,1.11932,1.11582,1.11884,0,1.11884
"2017-07-31",1.11612,1.12053,1.1158,1.11588,0,1.11588
"2017-08-01",1.11833,1.11896,1.11509,1.11813,0,1.11813
"2017-08-02",1.1157,1.12004,1.1049,1.11602,0,1.11602
"2017-08-03",1.1057,1.11084,1.10435,1.1061,0,1.1061
"2017-08-06",1.10746,1.10784,1.10358,1.10755,0,1.10755
"2017-08-07",1.10451,1.10621,1.10041,1.10461,0,1.10461
"2017-08-08",1.10476,1.10967,1.1041,1.10462,0,1.10462
"2017-08-09",1.1058,1.10993,1.10432,1.1062,0,1.1062
"2017-08-10",1.1023,1.10447,1.09672,1.1023,0,1.1023
"2017-08-13",1.0998,1.10224,1.099,1.09972,0,1.09972
"2017-08-14",1.10082,1.10473,1.09494,1.10075,0,1.10075
"2017-08-15",1.09597,1.10053,1.0938,1.0958,0,1.0958
"2017-08-16",1.09466,1.1029,1.0944,1.0946,0,1.0946
"2017-08-17",1.09788,1.0997,1.0928,1.09813,0,1.09813
"2017-08-20",1.0946,1.0974,1.0912,1.0947,0,1.0947
"2017-08-21",1.09189,1.09219,1.0896,1.09185,0,1.09185
"2017-08-22",1.09033,1.09144,1.0826,1.09017,0,1.09017
"2017-08-23",1.08339,1.08806,1.0827,1.08346,0,1.08346
"2017-08-24",1.08484,1.08741,1.0834,1.085,0,1.085
"2017-08-27",1.07975,1.08316,1.0787,1.07964,0,1.07964
"2017-08-28",1.08028,1.08124,1.0743,1.0804,0,1.0804
"2017-08-29",1.07951,1.08499,1.0786,1.0795,0,1.0795
"2017-08-30",1.08646,1.08846,1.08254,1.08653,0,1.08653
"2017-08-31",1.08627,1.09262,1.0843,1.08631,0,1.08631
"2017-09-03",1.09094,1.09113,1.0849,1.09092,0,1.09092
"2017-09-04",1.0863,1.09369,1.0852,1.0862,0,1.0862
"2017-09-05",1.0933,1.09522,1.091,1.0934,0,1.0934
"2017-09-06",1.0935,1.09446,1.08669,1.09377,0,1.09377
"2017-09-07",1.0893,1.09733,1.08654,1.08932,0,1.08932
"2017-09-10",1.09805,1.10178,1.096,1.09803,0,1.09803
"2017-09-11",1.10117,1.11277,1.1007,1.10106,0,1.10106
"2017-09-12",1.1097,1.11302,1.1063,1.10999,0,1.10999
"2017-09-13",1.1105,1.12729,1.1081,1.11086,0,1.11086
"2017-09-14",1.1236,1.13935,1.1232,1.12379,0,1.12379
"2017-09-17",1.1373,1.13885,1.12914,1.13709,0,1.13709
"2017-09-18",1.1295,1.13069,1.12379,1.1299,0,1.1299
"2017-09-19",1.12682,1.13237,1.1249,1.1267,0,1.1267
"2017-09-20",1.13596,1.13654,1.13194,1.13613,0,1.13613
"2017-09-21",1.13677,1.13679,1.1265,1.13665,0,1.13665
"2017-09-24",1.13245,1.13934,1.13227,1.1322,0,1.1322
"2017-09-25",1.13663,1.1417,1.136,1.1363,0,1.1363
"2017-09-26",1.14083,1.14312,1.1369,1.1406,0,1.1406
"2017-09-27",1.14012,1.1414,1.1348,1.14024,0,1.14024
"2017-09-28",1.13983,1.13995,1.13109,1.13983,0,1.13983
"2017-10-01",1.13418,1.13611,1.12757,1.1338,0,1.1338
"2017-10-02",1.13121,1.13336,1.1258,1.13127,0,1.13127
"2017-10-03",1.1268,1.12964,1.126,1.12705,0,1.12705
"2017-10-04",1.12546,1.12657,1.1195,1.1253,0,1.1253
"2017-10-05",1.11933,1.11953,1.11197,1.11944,0,1.11944
"2017-10-08",1.11403,1.12271,1.1138,1.1141,0,1.1141
"2017-10-09",1.11904,1.12027,1.1168,1.11922,0,1.11922
"2017-10-10",1.11806,1.1184,1.11256,1.11805,0,1.11805
"2017-10-11",1.11566,1.11709,1.10726,1.11567,0,1.11567
"2017-10-12",1.12097,1.12652,1.1197,1.12089,0,1.12089
"2017-10-15",1.12467,1.12906,1.12282,1.12476,0,1.12476
"2017-10-16",1.12375,1.1287,1.1201,1.1233,0,1.1233
"2017-10-17",1.12056,1.12223,1.11777,1.12065,0,1.12065
"2017-10-18",1.12021,1.12021,1.11229,1.12009,0,1.12009
"2017-10-19",1.10985,1.12003,1.1081,1.10982,0,1.10982
"2017-10-22",1.12216,1.12362,1.1198,1.12211,0,1.12211
"2017-10-23",1.12305,1.12415,1.1147,1.123,0,1.123
"2017-10-24",1.11641,1.12591,1.1143,1.1161,0,1.1161
"2017-10-25",1.12264,1.12681,1.11653,1.12283,0,1.12283
"2017-10-26",1.12794,1.13292,1.12337,1.12811,0,1.12811
"2017-10-30",1.13157,1.13714,1.1297,1.13167,0,1.13167
"2017-10-31",1.13388,1.1403,1.13316,1.13374,0,1.13374
"2017-11-01",1.1404,1.14483,1.1393,1.14067,0,1.14067
"2017-11-02",1.13983,1.14041,1.11887,1.1396,0,1.1396
"2017-11-03",1.1194,1.12608,1.119,1.11942,0,1.11942
"2017-11-06",1.126,1.13351,1.1249,1.12603,0,1.12603
"2017-11-07",1.1343,1.13725,1.13205,1.1342,0,1.1342
"2017-11-08",1.13525,1.1361,1.12829,1.1353,0,1.1353
"2017-11-09",1.13087,1.13309,1.12646,1.13094,0,1.13094
"2017-11-10",1.12847,1.13461,1.12709,1.12847,0,1.12847
"2017-11-13",1.12491,1.12691,1.12065,1.12501,0,1.12501
"2017-11-14",1.12463,1.12477,1.1142,1.1244,0,1.1244
"2017-11-15",1.11584,1.1163,1.1096,1.1153,0,1.1153
"2017-11-16",NA,NA,NA,NA,NA,NA
"2017-11-17",1.12067,1.12361,1.11682,1.12071,0,1.12071
"2017-11-20",1.12496,1.12896,1.12307,1.1249,0,1.1249
"2017-11-21",1.12804,1.13077,1.1262,1.12805,0,1.12805
"2017-11-22",1.12817,1.12916,1.12466,1.12839,0,1.12839
"2017-11-23",1.1267,1.12752,1.1218,1.1268,0,1.1268
"2017-11-24",1.12271,1.12428,1.11704,1.12272,0,1.12272
"2017-11-27",1.11687,1.11983,1.11524,1.11713,0,1.11713
"2017-11-28",1.11893,1.12077,1.1133,1.11888,0,1.11888
"2017-11-29",1.12783,1.13389,1.1268,1.12792,0,1.12792
"2017-11-30",1.13193,1.13899,1.1311,1.13196,0,1.13196
"2017-12-01",1.13691,1.13759,1.13104,1.13705,0,1.13705
"2017-12-04",1.13766,1.14196,1.1318,1.13758,0,1.13758
"2017-12-05",1.13507,1.13888,1.12811,1.1352,0,1.1352
"2017-12-06",1.13366,1.13611,1.12957,1.1334,0,1.1334
"2017-12-07",1.13428,1.13909,1.13008,1.1341,0,1.1341
"2017-12-08",1.145,1.1504,1.1355,1.14516,0,1.14516
"2017-12-11",1.13788,1.13939,1.1313,1.13781,0,1.13781
"2017-12-12",1.1331,1.1372,1.13077,1.13316,0,1.13316
"2017-12-13",1.13414,1.13847,1.1328,1.13417,0,1.13417
"2017-12-14",1.13288,1.14115,1.13209,1.1326,0,1.1326
"2017-12-15",1.1407,1.14092,1.12864,1.14068,0,1.14068
"2017-12-18",1.13382,1.1371,1.131,1.13386,0,1.13386
"2017-12-19",1.13532,1.13558,1.1277,1.13523,0,1.13523
"2017-12-20",1.13074,1.13256,1.12624,1.1304,0,1.1304
"2017-12-21",1.1255,1.12697,1.1246,1.1254,0,1.1254
"2017-12-22",1.12864,1.13161,1.12698,1.1283,0,1.1283
"2017-12-25",1.1275,1.1287,1.1244,1.127,0,1.127
"2017-12-26",1.12643,1.12758,1.1247,1.1264,0,1.1264
"2017-12-27",1.12776,1.12917,1.1255,1.1277,0,1.1277
"2017-12-28",1.12611,1.12771,1.12458,1.12615,0,1.12615
"2017-12-29",1.1255,1.12869,1.1245,1.1252,0,1.1252
"2018-01-01",1.1249,1.1262,1.1221,1.1256,0,1.1256
"2018-01-02",1.12477,1.12838,1.12155,1.1247,0,1.1247
"2018-01-03",1.12693,1.12996,1.1235,1.12687,0,1.12687
"2018-01-04",1.12484,1.12586,1.1206,1.12491,0,1.12491
"2018-01-05",1.12291,1.12748,1.1223,1.12284,0,1.12284
"2018-01-08",1.12763,1.13413,1.1264,1.1275,0,1.1275
"2018-01-09",1.13361,1.13515,1.1318,1.1332,0,1.1332
"2018-01-10",1.13417,1.13451,1.12703,1.13428,0,1.13428
"2018-01-11",1.13024,1.13024,1.12196,1.13007,0,1.13007
"2018-01-12",1.1241,1.12846,1.1203,1.12442,0,1.12442
"2018-01-15",1.12607,1.12692,1.1221,1.12625,0,1.12625
"2018-01-16",1.12438,1.1282,1.1236,1.12441,0,1.12441
"2018-01-17",1.12434,1.13099,1.1227,1.1241,0,1.1241
"2018-01-18",1.13489,1.13591,1.1314,1.1348,0,1.1348
"2018-01-19",1.13522,1.13548,1.13052,1.13519,0,1.13519
"2018-01-22",1.13315,1.14013,1.1327,1.1331,0,1.1331
"2018-01-23",1.14084,1.14117,1.1366,1.14086,0,1.14086
"2018-01-24",1.13822,1.14928,1.1378,1.13831,0,1.13831
"2018-01-25",1.14734,1.15066,1.1413,1.1472,0,1.1472
"2018-01-26",1.1416,1.14569,1.139,1.14172,0,1.14172
"2018-01-29",1.13837,1.14022,1.1343,1.13835,0,1.13835
"2018-01-30",1.13645,1.13985,1.13206,1.13671,0,1.13671
"2018-01-31",1.1405,1.14248,1.13443,1.14062,0,1.14062
"2018-02-01",1.14346,1.14684,1.13998,1.1432,0,1.1432
"2018-02-02",1.14011,1.1418,1.13384,1.14033,0,1.14033
"2018-02-05",1.13367,1.13446,1.127,1.1336,0,1.1336
"2018-02-06",1.12696,1.1291,1.1222,1.12728,0,1.12728
"2018-02-07",1.127,1.13121,1.1238,1.12722,0,1.12722
"2018-02-08",1.13118,1.14472,1.1309,1.1308,0,1.1308
"2018-02-09",1.13635,1.13899,1.12619,1.13645,0,1.13645
"2018-02-12",1.12826,1.13043,1.12474,1.12829,0,1.12829
"2018-02-13",1.12565,1.12873,1.12306,1.1254,0,1.1254
"2018-02-14",1.12393,1.12653,1.1212,1.1238,0,1.1238
"2018-02-15",1.12399,1.12868,1.1231,1.12408,0,1.12408
"2018-02-16",1.1277,1.12961,1.125,1.12787,0,1.12787
"2018-02-19",1.13037,1.13037,1.12763,1.13036,0,1.13036
"2018-02-20",1.12839,1.13543,1.1274,1.1284,0,1.1284
"2018-02-21",1.1345,1.13543,1.1289,1.1349,0,1.1349
"2018-02-22",1.13263,1.13329,1.12819,1.13246,0,1.13246
"2018-02-23",1.13174,1.13793,1.1313,1.1317,0,1.1317
"2018-02-26",1.13665,1.13991,1.1332,1.1367,0,1.1367
"2018-02-27",1.13365,1.13608,1.13078,1.13394,0,1.13394
"2018-02-28",1.13744,1.1389,1.1289,1.13696,0,1.13696
"2018-03-01",1.12802,1.13142,1.1252,1.12807,0,1.12807
"2018-03-02",1.12228,1.12393,1.11727,1.12231,0,1.12231
"2018-03-05",1.11979,1.12519,1.1183,1.1198,0,1.1198
"2018-03-06",1.12245,1.12265,1.11802,1.1222,0,1.1222
"2018-03-07",1.11914,1.12106,1.1149,1.11936,0,1.11936
"2018-03-08",1.12012,1.1227,1.11643,1.12004,0,1.12004
"2018-03-09",1.12139,1.12632,1.1203,1.12162,0,1.12162
"2018-03-12",1.1256,1.12989,1.124,1.12555,0,1.12555
"2018-03-13",1.1269,1.12952,1.1251,1.12697,0,1.12697
"2018-03-14",1.12734,1.13044,1.1262,1.1269,0,1.1269
"2018-03-15",1.12883,1.13316,1.12686,1.12884,0,1.12884
"2018-03-16",1.13248,1.1346,1.1311,1.1322,0,1.1322
"2018-03-19",1.135,1.14339,1.134,1.13527,0,1.13527
"2018-03-20",1.13665,1.14167,1.13628,1.13675,0,1.13675
"2018-03-21",1.14327,1.14642,1.1414,1.143,0,1.143
"2018-03-22",1.14547,1.15183,1.1441,1.14543,0,1.14543
"2018-03-23",1.1449,1.14789,1.1423,1.14494,0,1.14494
"2018-03-25",1.1451,1.14707,1.14116,1.14505,0,1.14505
"2018-03-26",1.14295,1.14327,1.13669,1.14285,0,1.14285
"2018-03-27",1.14236,1.14479,1.14051,1.14238,0,1.14238
"2018-03-28",1.14366,1.14396,1.14023,1.14369,0,1.14369
"2018-03-29",1.1398,1.14035,1.1379,1.13991,0,1.13991
"2018-04-01",1.13978,1.14242,1.1391,1.1398,0,1.1398
"2018-04-02",1.14256,1.14744,1.141,1.14259,0,1.14259
"2018-04-03",1.14583,1.14733,1.14165,1.14569,0,1.14569
"2018-04-04",1.1462,1.14716,1.14286,1.1465,0,1.1465
"2018-04-05",1.14331,1.14904,1.14287,1.14334,0,1.14334
"2018-04-08",1.1481,1.14954,1.1465,1.14823,0,1.14823
"2018-04-09",1.1469,1.15025,1.14573,1.1468,0,1.1468
"2018-04-10",1.14695,1.14914,1.144,1.14704,0,1.14704
"2018-04-11",1.14662,1.15643,1.14573,1.1466,0,1.1466
"2018-04-12",1.1546,1.15887,1.1539,1.1543,0,1.1543
"2018-04-15",1.15506,1.15896,1.1535,1.1548,0,1.1548
"2018-04-16",1.15794,1.15991,1.1563,1.15791,0,1.15791
"2018-04-17",1.15546,1.15668,1.1465,1.1551,0,1.1551
"2018-04-18",1.14729,1.15073,1.1449,1.147,0,1.147
"2018-04-19",1.14089,1.1447,1.1372,1.14084,0,1.14084
"2018-04-22",1.14083,1.14341,1.13958,1.1407,0,1.1407
"2018-04-23",1.14136,1.14396,1.1406,1.14156,0,1.14156
"2018-04-24",1.14341,1.14519,1.1426,1.1432,0,1.1432
"2018-04-25",1.14495,1.15176,1.1426,1.1449,0,1.1449
"2018-04-26",1.1492,1.15141,1.13799,1.14936,0,1.14936
"2018-04-29",1.13578,1.14037,1.13333,1.1356,0,1.1356
"2018-04-30",1.13977,1.14129,1.1335,1.13976,0,1.13976
"2018-05-01",1.13485,1.13836,1.13236,1.13482,0,1.13482
"2018-05-02",1.13561,1.13567,1.13253,1.1357,0,1.1357
"2018-05-03",1.13194,1.13421,1.1312,1.13194,0,1.13194
"2018-05-06",1.1317,1.1389,1.1313,1.13185,0,1.13185
"2018-05-07",1.13704,1.14043,1.1351,1.13694,0,1.13694
"2018-05-08",1.14201,1.14561,1.1406,1.14195,0,1.14195
"2018-05-09",1.14309,1.14551,1.13165,1.14318,0,1.14318
"2018-05-10",1.1346,1.13774,1.13361,1.13468,0,1.13468
"2018-05-13",1.13369,1.1361,1.1326,1.13367,0,1.13367
"2018-05-14",1.13656,1.13882,1.13402,1.13662,0,1.13662
"2018-05-15",1.14195,1.14502,1.13855,1.14194,0,1.14194
"2018-05-16",1.14683,1.1474,1.14245,1.1463,0,1.1463
"2018-05-17",1.14586,1.14597,1.14249,1.1456,0,1.1456
"2018-05-20",1.14545,1.1459,1.1397,1.1452,0,1.1452
"2018-05-21",1.1392,1.14164,1.13776,1.1391,0,1.1391
"2018-05-22",1.1401,1.14377,1.13682,1.1399,0,1.1399
"2018-05-23",1.14202,1.14422,1.1392,1.14167,0,1.14167
"2018-05-24",1.1414,1.14375,1.13893,1.1414,0,1.1414
"2018-05-27",1.13852,1.14601,1.1367,1.13852,0,1.13852
"2018-05-28",1.14485,1.14948,1.1441,1.14498,0,1.14498
"2018-05-29",1.14882,1.14954,1.13924,1.14869,0,1.14869
"2018-05-30",1.13879,1.14178,1.13736,1.13864,0,1.13864
"2018-05-31",1.13646,1.14543,1.1348,1.13641,0,1.13641
"2018-06-03",1.1442,1.14501,1.1379,1.1441,0,1.1441
"2018-06-04",1.13803,1.14607,1.1376,1.138,0,1.138
"2018-06-05",1.1431,1.14401,1.13921,1.14313,0,1.14313
"2018-06-06",1.13897,1.13928,1.1314,1.13899,0,1.13899
"2018-06-07",1.1374,1.14154,1.1361,1.13756,0,1.13756
"2018-06-10",1.1379,1.13823,1.13222,1.138,0,1.138
"2018-06-11",1.13565,1.13802,1.13224,1.13571,0,1.13571
"2018-06-12",1.1383,1.13834,1.1329,1.13827,0,1.13827
"2018-06-13",1.1334,1.14608,1.1333,1.1336,0,1.1336
"2018-06-14",1.14633,1.14693,1.14201,1.14602,0,1.14602
"2018-06-17",1.1447,1.14555,1.13917,1.1446,0,1.1446
"2018-06-18",1.13967,1.1422,1.13768,1.1398,0,1.1398
"2018-06-19",1.13666,1.14025,1.1361,1.13665,0,1.13665
"2018-06-20",1.13774,1.14574,1.13645,1.13756,0,1.13756
"2018-06-21",1.14121,1.14249,1.13847,1.1412,0,1.1412
"2018-06-24",1.1372,1.13866,1.13444,1.1372,0,1.1372
"2018-06-25",1.13465,1.1363,1.1335,1.13473,0,1.13473
"2018-06-26",1.13488,1.13579,1.1327,1.13473,0,1.13473
"2018-06-27",1.13456,1.13466,1.12728,1.13451,0,1.13451
"2018-06-28",1.13071,1.13155,1.12481,1.13067,0,1.13067
"2018-07-01",1.13082,1.13176,1.12747,1.1306,0,1.1306
"2018-07-02",1.1286,1.13241,1.1282,1.1286,0,1.1286
"2018-07-03",1.13155,1.13622,1.1311,1.13155,0,1.13155
"2018-07-04",1.1343,1.13467,1.12888,1.13429,0,1.13429
"2018-07-05",1.13067,1.13152,1.12769,1.13072,0,1.13072
"2018-07-08",1.1311,1.13437,1.12478,1.1309,0,1.1309
"2018-07-09",1.12731,1.13352,1.1265,1.12736,0,1.12736
"2018-07-10",1.13023,1.1324,1.12844,1.13041,0,1.13041
"2018-07-11",1.13104,1.13353,1.1296,1.131,0,1.131
"2018-07-12",1.12975,1.13301,1.1278,1.1295,0,1.1295
"2018-07-15",1.1325,1.13407,1.12955,1.13251,0,1.13251
"2018-07-16",1.13019,1.1306,1.12378,1.1303,0,1.1303
"2018-07-17",1.12454,1.12675,1.1195,1.1243,0,1.1243
"2018-07-18",1.12286,1.12299,1.1181,1.1229,0,1.1229
"2018-07-19",1.11726,1.11996,1.116,1.11725,0,1.11725
"2018-07-22",1.11973,1.12213,1.1189,1.1195,0,1.1195
"2018-07-23",1.1203,1.1245,1.1199,1.12039,0,1.12039
"2018-07-24",1.1252,1.12661,1.1233,1.12541,0,1.12541
"2018-07-25",1.12443,1.12785,1.124,1.12449,0,1.12449
"2018-07-26",1.12571,1.1267,1.1241,1.12579,0,1.12579
"2018-07-29",1.1243,1.12581,1.12129,1.12439,0,1.12439
"2018-07-30",1.12185,1.12255,1.11937,1.12183,0,1.12183
"2018-07-31",1.12213,1.12454,1.1211,1.12222,0,1.12222
"2018-08-01",1.12527,1.12908,1.1205,1.12522,0,1.12522
"2018-08-02",1.1231,1.12402,1.1212,1.1233,0,1.1233
"2018-08-05",1.12449,1.1245,1.1187,1.12455,0,1.12455
"2018-08-06",1.1196,1.12044,1.11575,1.1195,0,1.1195
"2018-08-07",1.11562,1.11562,1.109,1.11553,0,1.11553
"2018-08-08",1.1093,1.11296,1.10743,1.10916,0,1.10916
"2018-08-09",1.11303,1.12008,1.112,1.11313,0,1.11313
"2018-08-12",1.11946,1.12178,1.11775,1.11977,0,1.11977
"2018-08-13",1.1192,1.12292,1.1184,1.11934,0,1.11934
"2018-08-14",1.1206,1.12333,1.1192,1.1209,0,1.1209
"2018-08-15",1.11898,1.11913,1.11604,1.11898,0,1.11898
"2018-08-16",1.1177,1.11892,1.1147,1.1176,0,1.1176
"2018-08-19",1.11429,1.11835,1.1142,1.1141,0,1.1141
"2018-08-20",1.11426,1.11708,1.1113,1.11419,0,1.11419
"2018-08-21",1.11481,1.11564,1.11071,1.11486,0,1.11486
"2018-08-22",1.11377,1.11468,1.10825,1.11383,0,1.11383
"2018-08-23",1.10974,1.11069,1.1052,1.1097,0,1.1097
"2018-08-26",1.10403,1.10678,1.1034,1.1037,0,1.1037
"2018-08-27",1.10357,1.10389,1.09902,1.10374,0,1.10374
"2018-08-28",1.1004,1.11254,1.0997,1.1004,0,1.1004
"2018-08-29",1.11314,1.11663,1.112,1.113,0,1.113
"2018-08-30",1.11528,1.11874,1.11265,1.11531,0,1.11531
"2018-09-02",1.11404,1.11463,1.10699,1.11402,0,1.11402
"2018-09-03",1.10797,1.11227,1.1074,1.1077,0,1.1077
"2018-09-04",1.1094,1.11632,1.10508,1.1094,0,1.1094
"2018-09-05",1.1097,1.11403,1.10877,1.10974,0,1.10974
"2018-09-06",1.1119,1.12171,1.1102,1.11223,0,1.11223
"2018-09-09",1.118,1.1239,1.1161,1.1183,0,1.1183
"2018-09-10",1.1235,1.12495,1.12028,1.12349,0,1.12349
"2018-09-11",1.12242,1.12483,1.11911,1.1223,0,1.1223
"2018-09-12",1.12191,1.124,1.11984,1.12196,0,1.12196
"2018-09-13",1.12138,1.12358,1.1195,1.12131,0,1.12131
"2018-09-16",1.1242,1.12549,1.1229,1.1241,0,1.1241
"2018-09-17",1.12654,1.12654,1.12244,1.1265,0,1.1265
"2018-09-18",1.12731,1.12831,1.12346,1.1273,0,1.1273
"2018-09-19",1.12558,1.13016,1.1246,1.12551,0,1.12551
"2018-09-20",1.1268,1.1268,1.1114,1.12686,0,1.12686
"2018-09-23",1.1129,1.11898,1.1127,1.113,0,1.113
"2018-09-24",1.1158,1.11847,1.11419,1.11601,0,1.11601
"2018-09-25",1.1202,1.12321,1.1177,1.12,0,1.12
"2018-09-26",1.12101,1.12483,1.1186,1.12108,0,1.12108
"2018-09-27",1.12373,1.12696,1.12191,1.1232,0,1.1232
"2018-09-30",1.12347,1.12812,1.1215,1.12338,0,1.12338
"2018-10-01",1.12656,1.1276,1.1218,1.12654,0,1.12654
"2018-10-02",1.12362,1.1286,1.121,1.1234,0,1.1234
"2018-10-03",1.12747,1.1311,1.1264,1.12749,0,1.12749
"2018-10-04",1.13055,1.13915,1.13,1.13065,0,1.13065
"2018-10-07",1.1388,1.13928,1.1354,1.13911,0,1.13911
"2018-10-08",1.13895,1.14442,1.13747,1.1389,0,1.1389
"2018-10-09",1.14345,1.14622,1.1426,1.1431,0,1.1431
"2018-10-10",1.1449,1.14537,1.1405,1.145,0,1.145
"2018-10-11",1.14149,1.14324,1.1374,1.14173,0,1.14173
"2018-10-14",1.1341,1.13654,1.13306,1.134,0,1.134
"2018-10-15",1.13557,1.14228,1.1349,1.13556,0,1.13556
"2018-10-16",1.13914,1.14032,1.1355,1.13903,0,1.13903
"2018-10-17",1.13911,1.13995,1.13588,1.1391,0,1.1391
"2018-10-18",1.1365,1.13931,1.13287,1.13664,0,1.13664
"2018-10-21",1.1348,1.13547,1.12913,1.13511,0,1.13511
"2018-10-22",1.13078,1.13617,1.1302,1.1306,0,1.1306
"2018-10-23",1.13135,1.13415,1.1306,1.13135,0,1.13135
"2018-10-24",1.13037,1.13216,1.1259,1.13039,0,1.13039
"2018-10-25",1.1268,1.12832,1.12541,1.1271,0,1.1271
"2018-10-29",1.1252,1.12748,1.1241,1.12561,0,1.12561
"2018-10-30",1.12533,1.12561,1.12,1.12528,0,1.12528
"2018-10-31",1.11983,1.13062,1.1195,1.1197,0,1.1197
"2018-11-01",1.12819,1.13835,1.128,1.12825,0,1.12825
"2018-11-02",1.13991,1.14024,1.13622,1.14025,0,1.14025
"2018-11-05",1.14098,1.14444,1.1397,1.14102,0,1.14102
"2018-11-06",1.1442,1.14632,1.1422,1.14437,0,1.14437
"2018-11-07",1.14616,1.1475,1.1433,1.14627,0,1.14627
"2018-11-08",1.14809,1.14962,1.14445,1.14811,0,1.14811
"2018-11-09",1.14922,1.15041,1.14515,1.14926,0,1.14926
"2018-11-12",1.1422,1.14795,1.1398,1.14244,0,1.14244
"2018-11-13",1.14526,1.15506,1.14394,1.14522,0,1.14522
"2018-11-14",1.15044,1.15213,1.14438,1.15045,0,1.15045
"2018-11-15",1.1473,1.14838,1.1257,1.1476,0,1.1476
"2018-11-16",1.12711,1.13295,1.1248,1.127,0,1.127
"2018-11-19",1.12461,1.12737,1.12013,1.12424,0,1.12424
"2018-11-20",1.122,1.12644,1.1205,1.12245,0,1.12245
"2018-11-21",1.12431,1.12509,1.1203,1.12448,0,1.12448
"2018-11-22",1.12172,1.13026,1.1206,1.12186,0,1.12186
"2018-11-23",1.12906,1.13119,1.12653,1.12914,0,1.12914
"2018-11-26",1.1303,1.13147,1.12744,1.1297,0,1.1297
"2018-11-27",1.1304,1.13058,1.125,1.13051,0,1.13051
"2018-11-28",1.12785,1.13485,1.1273,1.12769,0,1.12769
"2018-11-29",1.12803,1.12842,1.1207,1.12794,0,1.12794
"2018-11-30",1.12199,1.12841,1.1202,1.12198,0,1.12198
"2018-12-03",1.12404,1.12806,1.12052,1.124,0,1.124
"2018-12-04",1.12072,1.1248,1.11797,1.12062,0,1.12062
"2018-12-05",1.1211,1.12649,1.1193,1.12131,0,1.12131
"2018-12-06",1.12148,1.12502,1.1201,1.12139,0,1.12139
"2018-12-07",1.1231,1.1236,1.1181,1.1233,0,1.1233
"2018-12-10",1.1151,1.11587,1.10033,1.11562,0,1.11562
"2018-12-11",1.10605,1.1101,1.1048,1.10595,0,1.10595
"2018-12-12",1.10331,1.1145,1.10265,1.1032,0,1.1032
"2018-12-13",1.11002,1.11678,1.1091,1.11024,0,1.11024
"2018-12-14",1.1132,1.11579,1.1103,1.1133,0,1.1133
"2018-12-17",1.1128,1.114,1.11071,1.11303,0,1.11303
"2018-12-18",1.11142,1.11529,1.10997,1.1113,0,1.1113
"2018-12-19",1.1121,1.1132,1.10599,1.11239,0,1.11239
"2018-12-20",1.10851,1.10998,1.10486,1.1085,0,1.1085
"2018-12-21",1.10553,1.11254,1.1046,1.10562,0,1.10562
"2018-12-24",1.11221,1.11513,1.10784,1.11211,0,1.11211
"2018-12-25",1.1154,1.1226,1.1095,1.1155,0,1.1155
"2018-12-26",1.11153,1.11505,1.10992,1.1113,0,1.1113
"2018-12-27",1.113,1.11341,1.10609,1.11318,0,1.11318
"2018-12-28",1.10618,1.10939,1.1036,1.1059,0,1.1059
"2018-12-31",1.1092,1.11986,1.1081,1.109,0,1.109
"2019-01-01",1.11,1.1124,1.0974,1.1079,0,1.1079
"2019-01-02",1.11254,1.11324,1.1071,1.11264,0,1.11264
"2019-01-03",1.1061,1.10887,1.103,1.1057,0,1.1057
"2019-01-04",1.10849,1.1165,1.1074,1.10851,0,1.10851
"2019-01-07",1.11576,1.11656,1.11215,1.11593,0,1.11593
"2019-01-08",1.11375,1.11711,1.11164,1.11362,0,1.11362
"2019-01-09",1.11175,1.11408,1.10603,1.11175,0,1.11175
"2019-01-10",1.1074,1.10919,1.1036,1.1074,0,1.1074
"2019-01-11",1.1075,1.11945,1.10369,1.1081,0,1.1081
"2019-01-14",1.1207,1.12655,1.11704,1.12115,0,1.12115
"2019-01-15",1.12212,1.12594,1.119,1.12208,0,1.12208
"2019-01-16",1.12772,1.13084,1.12489,1.12758,0,1.12758
"2019-01-17",1.13019,1.13636,1.12742,1.13035,0,1.13035
"2019-01-18",1.13955,1.14,1.13329,1.13956,0,1.13956
"2019-01-21",1.13066,1.13537,1.12827,1.13062,0,1.13062
"2019-01-22",1.13372,1.14108,1.13263,1.1335,0,1.1335
"2019-01-23",1.14004,1.14935,1.1385,1.14012,0,1.14012
"2019-01-24",1.14887,1.15144,1.14611,1.14888,0,1.14888
"2019-01-25",1.15924,1.15988,1.15193,1.15974,0,1.15974
"2019-01-28",1.1572,1.15721,1.1498,1.15721,0,1.15721
"2019-01-29",1.1511,1.15468,1.14806,1.15128,0,1.15128
"2019-01-30",1.1435,1.14732,1.1431,1.14352,0,1.14352
"2019-01-31",1.14193,1.14762,1.1404,1.1418,0,1.1418
"2019-02-01",1.1448,1.14574,1.13729,1.14503,0,1.14503
"2019-02-04",1.1412,1.14569,1.13957,1.14148,0,1.14148
"2019-02-05",1.13937,1.14229,1.1335,1.1393,0,1.1393
"2019-02-06",1.13558,1.13971,1.1353,1.13545,0,1.13545
"2019-02-07",1.13771,1.14529,1.13454,1.13776,0,1.13776
"2019-02-08",1.14179,1.14367,1.14087,1.14191,0,1.14191
"2019-02-11",1.1423,1.14316,1.1391,1.14227,0,1.14227
"2019-02-12",1.14045,1.14172,1.1383,1.1402,0,1.1402
"2019-02-13",1.13725,1.14336,1.1371,1.13732,0,1.13732
"2019-02-14",1.14096,1.14132,1.13125,1.1412,0,1.1412
"2019-02-15",1.13297,1.1412,1.1324,1.13295,0,1.13295
"2019-02-18",1.14229,1.14363,1.1404,1.1421,0,1.1421
"2019-02-19",1.14228,1.15097,1.141,1.14237,0,1.14237
"2019-02-20",1.15138,1.15225,1.1474,1.15151,0,1.15151
"2019-02-21",1.14951,1.15369,1.1487,1.14959,0,1.14959
"2019-02-22",1.1496,1.15226,1.1457,1.1497,0,1.1497
"2019-02-25",1.15191,1.15342,1.14953,1.1518,0,1.1518
"2019-02-26",1.1548,1.16743,1.1547,1.15491,0,1.15491
"2019-02-27",1.16368,1.17215,1.1631,1.16345,0,1.16345
"2019-02-28",1.1701,1.17046,1.16463,1.17019,0,1.17019
"2019-03-01",1.16629,1.16656,1.1612,1.1662,0,1.1662
"2019-03-04",1.16364,1.16832,1.1631,1.16363,0,1.16363
"2019-03-05",1.16221,1.16457,1.15666,1.1623,0,1.1623
"2019-03-06",1.1633,1.16443,1.1602,1.16337,0,1.16337
"2019-03-07",1.1648,1.16873,1.15956,1.16501,0,1.16501
"2019-03-08",1.16891,1.16965,1.15693,1.1686,0,1.1686
"2019-03-11",1.156,1.1666,1.1525,1.15622,0,1.15622
"2019-03-12",1.17639,1.1765,1.1556,1.17635,0,1.17635
"2019-03-13",1.15744,1.16973,1.1571,1.1571,0,1.1571
"2019-03-14",1.17205,1.17643,1.16808,1.17233,0,1.17233
"2019-03-15",1.17228,1.1724,1.16626,1.17232,0,1.17232
"2019-03-18",1.1746,1.1746,1.16348,1.17457,0,1.17457
"2019-03-19",1.16995,1.17143,1.16701,1.16984,0,1.16984
"2019-03-20",1.16862,1.16862,1.15766,1.1684,0,1.1684
"2019-03-21",1.15535,1.15751,1.14994,1.15544,0,1.15544
"2019-03-22",1.15422,1.17165,1.15353,1.1539,0,1.1539
"2019-03-25",1.1686,1.16989,1.16319,1.1688,0,1.1688
"2019-03-26",1.16724,1.17349,1.16377,1.16774,0,1.16774
"2019-03-27",1.17157,1.17611,1.1693,1.1714,0,1.1714
"2019-03-28",1.16887,1.17257,1.16416,1.1689,0,1.1689
"2019-03-29",1.1622,1.16866,1.15606,1.1622,0,1.1622
"2019-03-31",1.16011,1.17233,1.1591,1.16016,0,1.16016
"2019-04-01",1.16613,1.16714,1.1616,1.166,0,1.166
"2019-04-02",1.1713,1.17568,1.1686,1.1715,0,1.1715
"2019-04-03",1.17175,1.17353,1.1646,1.17162,0,1.17162
"2019-04-04",1.1645,1.16822,1.15907,1.16478,0,1.16478
"2019-04-07",1.162,1.16389,1.15662,1.16207,0,1.16207
"2019-04-08",1.1601,1.16288,1.15576,1.1602,0,1.1602
"2019-04-09",1.15858,1.16369,1.1581,1.15882,0,1.15882
"2019-04-10",1.1612,1.16197,1.15845,1.16144,0,1.16144
"2019-04-11",1.15933,1.15965,1.1549,1.15929,0,1.15929
"2019-04-14",1.15743,1.15997,1.156,1.15739,0,1.15739
"2019-04-15",1.15866,1.15912,1.15475,1.1585,0,1.1585
"2019-04-16",1.1558,1.1561,1.1517,1.15579,0,1.15579
"2019-04-17",1.15403,1.15766,1.1537,1.15409,0,1.15409
"2019-04-18",1.1562,1.15674,1.1552,1.15619,0,1.15619
"2019-04-21",1.1552,1.1564,1.1526,1.1553,0,1.1553
"2019-04-22",1.1528,1.15784,1.1528,1.1527,0,1.1527
"2019-04-23",1.15252,1.15757,1.1521,1.1526,0,1.1526
"2019-04-24",1.1568,1.15891,1.1553,1.15683,0,1.15683
"2019-04-25",1.15795,1.15941,1.15757,1.15784,0,1.15784
"2019-04-28",1.15863,1.15978,1.1566,1.15861,0,1.15861
"2019-04-29",1.15612,1.16361,1.1557,1.15607,0,1.15607
"2019-04-30",1.16244,1.16448,1.1618,1.16248,0,1.16248
"2019-05-01",1.16511,1.16695,1.16323,1.1653,0,1.1653
"2019-05-02",1.16629,1.17679,1.1644,1.16631,0,1.16631
"2019-05-05",1.17535,1.17547,1.1687,1.17558,0,1.17558
"2019-05-06",1.16914,1.17101,1.1654,1.16915,0,1.16915
"2019-05-07",1.16775,1.16805,1.15969,1.1675,0,1.1675
"2019-05-08",1.16196,1.16305,1.15641,1.16185,0,1.16185
"2019-05-09",1.15955,1.16,1.15743,1.15951,0,1.15951
"2019-05-12",1.15756,1.15934,1.15278,1.15761,0,1.15761
"2019-05-13",1.15403,1.15434,1.1504,1.15394,0,1.15394
"2019-05-14",1.15184,1.15315,1.14466,1.15184,0,1.15184
"2019-05-15",1.14614,1.14652,1.1428,1.14625,0,1.14625
"2019-05-16",1.14512,1.1452,1.13927,1.145,0,1.145
"2019-05-19",1.14004,1.1428,1.1381,1.14015,0,1.14015
"2019-05-20",1.13958,1.14498,1.1377,1.13965,0,1.13965
"2019-05-21",1.138,1.13986,1.1311,1.1381,0,1.1381
"2019-05-22",1.1351,1.13716,1.1315,1.13512,0,1.13512
"2019-05-23",1.1319,1.13591,1.12999,1.1319,0,1.1319
"2019-05-26",1.13521,1.13745,1.1315,1.13506,0,1.13506
"2019-05-27",1.13276,1.13523,1.131,1.1325,0,1.1325
"2019-05-28",1.1331,1.13637,1.1319,1.1332,0,1.1332
"2019-05-29",1.13396,1.13509,1.13122,1.13387,0,1.13387
"2019-05-30",1.1325,1.13337,1.1268,1.1327,0,1.1327
